insee,name,department_code,department_name,inhabitants,is_chru,beds_count
47176,"Montgaillard-en-Albret",47,"Lot-et-Garonne",169,0,79
36040,"La Chapelle-Orthemale",36,"Indre",96,0,57
76502,"Pierreval",76,"Seine-Maritime",532,0,141
49284,"Saint-Germain-des-Prés",49,"Maine-et-Loire",1405,0,193
13058,"Maussane-les-Alpilles",13,"Bouches-du-Rhône",2396,0,118
3221,"Saint-Bonnet-Tronçais",3,"Allier",733,0,29
76311,"Goupillières",76,"Seine-Maritime",426,0,304
82066,"Génébrières",82,"Tarn-et-Garonne",610,0,128
63364,"Saint-Jean-d'Heurs",63,"Puy-de-Dôme",687,0,100
24016,"Augignac",24,"Dordogne",822,0,26
72123,"Dureil",72,"Sarthe",65,0,68
27427,"Neaufles-Auvergny",27,"Eure",417,0,48
14391,"Maisons",14,"Calvados",418,0,135
8268,"Maisoncelle-et-Villers",8,"Ardennes",70,0,27
3165,"Le Mayet-de-Montagne",3,"Allier",1387,0,26
17430,"Soubran",17,"Charente-Maritime",412,0,53
13004,"Arles",13,"Bouches-du-Rhône",50415,0,272
6035,"Castellar",6,"Alpes-Maritimes",1087,0,267
51167,"Coole",51,"Marne",151,0,14
3049,"Cesset",3,"Allier",427,0,53
35246,"Roz-Landrieux",35,"Ille-et-Vilaine",1374,0,110
62743,"Sainte-Austreberthe",62,"Pas-de-Calais",371,0,77
83035,"Le Castellet",83,"Var",5285,0,225
4193,"Saint-Paul-sur-Ubaye",4,"Alpes-de-Haute-Provence",176,0,4
62738,"Sains-lès-Fressin",62,"Pas-de-Calais",154,0,29
59576,"Spycker",59,"Nord",1752,0,816
27578,"Sainte-Marie-d'Attez",27,"Eure",585,0,74
32216,"Lourties-Monbrun",32,"Gers",162,0,35
53266,"Trans",53,"Mayenne",225,0,48
12061,"Castelnau-de-Mandailles",12,"Aveyron",567,0,57
38102,"Chèzeneuve",38,"Isère",652,0,153
80633,"Ponthoile",80,"Somme",604,0,56
58030,"Biches",58,"Nièvre",268,0,17
34320,"Vailhauquès",34,"Hérault",2647,0,231
65405,"Sarlabous",65,"Hautes-Pyrénées",77,0,44
72353,"Théligny",72,"Sarthe",215,0,53
36038,"Champillet",36,"Indre",129,0,22
21189,"Corberon",21,"Côte-d'Or",435,0,25
59129,"Cappelle-en-Pévèle",59,"Nord",2262,0,319
22168,"Perros-Guirec",22,"Côtes-d'Armor",7175,0,247
21310,"Grosbois-en-Montagne",21,"Côte-d'Or",112,0,36
2145,"Caumont",2,"Aisne",546,0,119
37205,"Saché",37,"Indre-et-Loire",1403,0,133
59458,"Péronne-en-Mélantois",59,"Nord",1004,0,935
60051,"Beaudéduit",60,"Oise",173,0,66
55458,"Saint-Jean-lès-Buzy",55,"Meuse",384,0,54
85167,"L'Orbrie",85,"Vendée",795,0,145
54284,"Joudreville",54,"Meurthe-et-Moselle",1114,0,86
37011,"Avoine",37,"Indre-et-Loire",1938,0,145
21557,"Saint-Marc-sur-Seine",21,"Côte-d'Or",109,0,11
87096,"La Meyze",87,"Haute-Vienne",842,0,61
60615,"Sérévillers",60,"Oise",131,0,86
35189,"Montgermont",35,"Ille-et-Vilaine",3692,0,1553
30211,"Redessan",30,"Gard",4181,0,402
45059,"Bucy-Saint-Liphard",45,"Loiret",202,0,343
54122,"Chaudeney-sur-Moselle",54,"Meurthe-et-Moselle",728,0,143
71473,"Saint-Racho",71,"Saône-et-Loire",149,0,70
24428,"Saint-Jory-de-Chalais",24,"Dordogne",562,0,22
17299,"Rochefort",17,"Charente-Maritime",23092,0,301
51407,"La Noue",51,"Marne",393,0,29
11185,"Lagrasse",11,"Aude",541,0,20
76029,"Aubermesnil-aux-Érables",76,"Seine-Maritime",199,0,38
38540,"Veurey-Voroize",38,"Isère",1401,0,272
23137,"Mourioux-Vieilleville",23,"Creuse",521,0,30
27446,"Ormes",27,"Eure",470,0,93
37265,"Varennes",37,"Indre-et-Loire",257,0,81
44013,"Besné",44,"Loire-Atlantique",3284,0,234
32063,"Bouzon-Gellenave",32,"Gers",163,0,30
77305,"Montereau-Fault-Yonne",77,"Seine-et-Marne",22259,0,252
33243,"Libourne",33,"Gironde",24557,0,231
38388,"Saint-Georges-de-Commiers",38,"Isère",2646,0,210
54456,"Réméréville",54,"Meurthe-et-Moselle",623,0,124
22171,"Plaintel",22,"Côtes-d'Armor",4540,0,109
54120,"Charmes-la-Côte",54,"Meurthe-et-Moselle",326,0,81
58211,"Poil",58,"Nièvre",152,0,32
61463,"Les Monts d'Andaine",61,"Orne",1735,0,114
31166,"Empeaux",31,"Haute-Garonne",292,0,48
86163,"Montamisé",86,"Vienne",3698,0,663
16293,"Saint-Adjutory",16,"Charente",493,0,92
50447,"Saint-Aubin-des-Préaux",50,"Manche",461,0,178
3024,"Bert",3,"Allier",247,0,39
29191,"Plougonven",29,"Finistère",3412,0,55
3190,"Moulins",3,"Allier",19343,0,233
89232,"Lucy-le-Bois",89,"Yonne",311,0,72
4034,"La Brillanne",4,"Alpes-de-Haute-Provence",1109,0,120
91075,"Bois-Herpin",91,"Essonne",82,0,223
39577,"Vincent-Froideville",39,"Jura",392,0,68
31022,"Aucamville",31,"Haute-Garonne",9349,0,3595
71103,"Charmoy",71,"Saône-et-Loire",278,0,35
52290,"Les Loges",52,"Haute-Marne",125,0,46
83071,"La Londe-les-Maures",83,"Var",11442,0,392
43114,"Lapte",43,"Haute-Loire",1740,0,119
47055,"Castelnaud-de-Gratecambe",47,"Lot-et-Garonne",515,0,60
9272,"Saint-Paul-de-Jarrat",9,"Ariège",1346,0,69
45224,"Neuville-aux-Bois",45,"Loiret",4981,0,57
74129,"La Forclaz",74,"Haute-Savoie",226,0,170
50266,"Lengronne",50,"Manche",446,0,52
17323,"Saint-Denis-d'Oléron",17,"Charente-Maritime",1315,0,32
67328,"Niedermodern",67,"Bas-Rhin",893,0,184
31388,"Montpitol",31,"Haute-Garonne",356,0,183
47215,"Pujols",47,"Lot-et-Garonne",3747,0,197
7243,"Saint-Jacques-d'Atticieux",7,"Ardèche",284,0,180
62898,"Wisques",62,"Pas-de-Calais",225,0,247
41249,"Souesmes",41,"Loir-et-Cher",1028,0,10
67099,"Domfessel",67,"Bas-Rhin",278,0,87
42219,"Saint-Étienne-le-Molard",42,"Loire",1032,0,101
41268,"Veilleins",41,"Loir-et-Cher",152,0,124
13055,"Marseille",13,"Bouches-du-Rhône",873076,1,4714
23245,"Saint-Sulpice-le-Guérétois",23,"Creuse",1911,0,132
15111,"Madic",15,"Cantal",206,0,52
65268,"Layrisse",65,"Hautes-Pyrénées",237,0,132
86024,"Béruges",86,"Vienne",1549,0,96
68118,"Habsheim",68,"Haut-Rhin",5055,0,218
63085,"Chapdes-Beaufort",63,"Puy-de-Dôme",1137,0,61
25176,"Courvières",25,"Doubs",321,0,31
77392,"Rouvres",77,"Seine-et-Marne",1005,0,205
49092,"Chemillé-en-Anjou",49,"Maine-et-Loire",21386,0,115
35160,"Loutehel",35,"Ille-et-Vilaine",240,0,109
10362,"Sainte-Savine",10,"Aube",10515,0,726
53022,"La Bazouge-de-Chemeré",53,"Mayenne",502,0,32
76143,"Bretteville-du-Grand-Caux",76,"Seine-Maritime",1374,0,126
10252,"Montmartin-le-Haut",10,"Aube",62,0,26
72133,"Fillé",72,"Sarthe",1525,0,234
64144,"Boumourt",64,"Pyrénées-Atlantiques",162,0,60
71106,"Charolles",71,"Saône-et-Loire",2819,0,36
42280,"Saint-Régis-du-Coin",42,"Loire",412,0,62
36064,"Diors",36,"Indre",759,0,72
87067,"Folles",87,"Haute-Vienne",447,0,46
56056,"Évriguet",56,"Morbihan",207,0,33
68159,"Jungholtz",68,"Haut-Rhin",910,0,305
33264,"Maransin",33,"Gironde",1040,0,80
76401,"Arelaune-en-Seine",76,"Seine-Maritime",2518,0,133
30036,"Bernis",30,"Gard",3397,0,1049
62057,"Audruicq",62,"Pas-de-Calais",5388,0,166
69119,"Longes",69,"Rhône",964,0,196
60024,"Arsy",60,"Oise",801,0,239
63291,"Puy-Guillaume",63,"Puy-de-Dôme",2690,0,70
26159,"Laval-d'Aix",26,"Drôme",114,0,38
62195,"Calonne-sur-la-Lys",62,"Pas-de-Calais",1560,0,189
2425,"Leuze",2,"Aisne",180,0,44
23120,"Malleret-Boussac",23,"Creuse",179,0,26
55075,"Brauvilliers",55,"Meuse",170,0,53
17469,"Villars-en-Pons",17,"Charente-Maritime",577,0,99
85113,"L'Île-d'Yeu",85,"Vendée",4877,0,26
31344,"Miramont-de-Comminges",31,"Haute-Garonne",747,0,135
7146,"Lyas",7,"Ardèche",593,0,142
2585,"Parcy-et-Tigny",2,"Aisne",251,0,48
41022,"Bouffry",41,"Loir-et-Cher",134,0,11
10159,"Fralignes",10,"Aube",91,0,46
81001,"Aguts",81,"Tarn",236,0,114
83080,"Mons",83,"Var",837,0,27
80487,"Longavesnes",80,"Somme",73,0,57
18179,"Pigny",18,"Cher",981,0,107
86019,"Beaumont Saint-Cyr",86,"Vienne",2947,0,183
60447,"Néry",60,"Oise",643,0,96
51171,"Cormicy",51,"Marne",1509,0,78
29060,"Gouesnach",29,"Finistère",2772,0,561
36042,"Chasseneuil",36,"Indre",705,0,76
33006,"Anglade",33,"Gironde",906,0,124
9022,"Arvigna",9,"Ariège",230,0,91
85064,"Chauché",85,"Vendée",2506,0,147
91578,"Saint-Sulpice-de-Favières",91,"Essonne",270,0,256
44193,"Saint-Vincent-des-Landes",44,"Loire-Atlantique",1529,0,50
74280,"Thônes",74,"Haute-Savoie",6600,0,73
49036,"Bouillé-Ménard",49,"Maine-et-Loire",765,0,124
81090,"Fénols",81,"Tarn",250,0,77
38022,"Les Avenières Veyrins-Thuellin",38,"Isère",7740,0,84
27240,"La Ferrière-sur-Risle",27,"Eure",211,0,58
68054,"Brinckheim",68,"Haut-Rhin",415,0,407
21663,"Venarey-les-Laumes",21,"Côte-d'Or",2784,0,62
41279,"Villedieu-le-Château",41,"Loir-et-Cher",387,0,33
11416,"Villarzel-Cabardès",11,"Aude",263,0,145
44206,"Touvois",44,"Loire-Atlantique",1913,0,86
55040,"Beausite",55,"Meuse",255,0,16
30006,"Aimargues",30,"Gard",5749,0,307
33077,"Cabanac-et-Villagrains",33,"Gironde",2404,0,53
74282,"Fillière",74,"Haute-Savoie",9547,0,167
35300,"Saint-M'Hervé",35,"Ille-et-Vilaine",1359,0,166
27091,"Bosgouet",27,"Eure",765,0,143
88233,"Harol",88,"Vosges",645,0,23
38486,"Seyssins",38,"Isère",7997,0,1494
88148,"Dommartin-lès-Remiremont",88,"Vosges",1880,0,168
6044,"La Colle-sur-Loup",6,"Alpes-Maritimes",8084,0,985
57549,"Pontpierre",57,"Moselle",751,0,138
33475,"Saint-Seurin-de-Bourg",33,"Gironde",412,0,152
7007,"Alboussière",7,"Ardèche",1005,0,45
31185,"Folcarde",31,"Haute-Garonne",116,0,79
48050,"Bédouès-Cocurès",48,"Lozère",446,0,20
21349,"Liernais",21,"Côte-d'Or",477,0,11
73063,"Cevins",73,"Savoie",706,0,43
43137,"Monistrol-sur-Loire",43,"Haute-Loire",8925,0,132
3202,"Noyant-d'Allier",3,"Allier",596,0,35
41163,"Nourray",41,"Loir-et-Cher",122,0,49
67525,"Westhoffen",67,"Bas-Rhin",1693,0,174
46175,"Lissac-et-Mouret",46,"Lot",930,0,101
62243,"Coullemont",62,"Pas-de-Calais",120,0,62
83051,"Entrecasteaux",83,"Var",1127,0,97
32402,"Saint-Paul-de-Baïse",32,"Gers",107,0,52
16306,"Saint-Christophe",16,"Charente",312,0,22
2159,"Champs",2,"Aisne",304,0,62
90089,"Rougemont-le-Château",90,"Territoire de Belfort",1486,0,97
24107,"La Chapelle-Faucher",24,"Dordogne",390,0,18
40024,"Banos",40,"Landes",262,0,62
52269,"Langres",52,"Haute-Marne",7697,0,70
73007,"Aiton",73,"Savoie",1747,0,94
33318,"Pessac",33,"Gironde",66760,0,1333
60107,"Breuil-le-Vert",60,"Oise",3139,0,306
45037,"Boisseaux",45,"Loiret",511,0,96
67038,"Bietlenheim",67,"Bas-Rhin",308,0,352
6022,"Bouyon",6,"Alpes-Maritimes",543,0,222
12115,"L'Hospitalet-du-Larzac",12,"Aveyron",326,0,20
47140,"Laugnac",47,"Lot-et-Garonne",708,0,66
84066,"Lioux",84,"Vaucluse",288,0,25
49269,"Saint-Christophe-du-Bois",49,"Maine-et-Loire",2858,0,439
4128,"Montfuron",4,"Alpes-de-Haute-Provence",225,0,200
91037,"Auvernaux",91,"Essonne",327,0,345
35069,"Châteaugiron",35,"Ille-et-Vilaine",10518,0,234
33025,"Baigneaux",33,"Gironde",445,0,69
72036,"Béthon",72,"Sarthe",308,0,50
82122,"Montbarla",82,"Tarn-et-Garonne",174,0,93
38144,"Diémoz",38,"Isère",2876,0,302
28068,"Challet",28,"Eure-et-Loir",434,0,39
44019,"Bouée",44,"Loire-Atlantique",1072,0,167
14146,"Cauville",14,"Calvados",170,0,53
1378,"Saint-Maurice-de-Gourdans",1,"Ain",2748,0,410
34085,"Coulobres",34,"Hérault",365,0,177
38409,"Saint-Just-de-Claix",38,"Isère",1369,0,170
5076,"Méreuil",5,"Hautes-Alpes",98,0,19
45300,"Sandillon",45,"Loiret",4205,0,52
51610,"Verrières",51,"Marne",390,0,43
43018,"Bains",43,"Haute-Loire",1382,0,66
29152,"Motreff",29,"Finistère",704,0,88
1074,"Chalamont",1,"Ain",2559,0,78
47282,"Saint-Vincent-de-Lamontjoie",47,"Lot-et-Garonne",228,0,36
17008,"Andilly",17,"Charente-Maritime",2312,0,187
10122,"Davrey",10,"Aube",220,0,34
86118,"Journet",86,"Vienne",370,0,46
81103,"Gijounet",81,"Tarn",128,0,21
17150,"Les Églises-d'Argenteuil",17,"Charente-Maritime",530,0,34
41238,"Savigny-sur-Braye",41,"Loir-et-Cher",1949,0,42
53021,"La Bazoge-Montpinçon",53,"Mayenne",993,0,150
1441,"Vieu-d'Izenave",1,"Ain",735,0,62
50208,"Gonfreville",50,"Manche",162,0,58
8374,"La Sabotterie",8,"Ardennes",127,0,33
53196,"Saint-Aignan-de-Couptrain",53,"Mayenne",347,0,36
62275,"Douriez",62,"Pas-de-Calais",296,0,54
35285,"Saint-Just",35,"Ille-et-Vilaine",1087,0,99
80602,"Occoches",80,"Somme",127,0,62
17085,"Champdolent",17,"Charente-Maritime",413,0,54
71191,"Essertenne",71,"Saône-et-Loire",479,0,217
87023,"Le Buis",87,"Haute-Vienne",184,0,50
51389,"Mourmelon-le-Petit",51,"Marne",808,0,66
29064,"Goulven",29,"Finistère",445,0,101
59500,"Ribécourt-la-Tour",59,"Nord",376,0,122
76052,"Bailleul-Neuville",76,"Seine-Maritime",223,0,64
24137,"Coulaures",24,"Dordogne",731,0,44
15091,"Landeyrat",15,"Cantal",88,0,12
8167,"La Férée",8,"Ardennes",72,0,18
3145,"Lignerolles",3,"Allier",751,0,265
46089,"Duravel",46,"Lot",942,0,43
8452,"Thugny-Trugny",8,"Ardennes",256,0,93
36149,"Palluau-sur-Indre",36,"Indre",794,0,25
22223,"Plouisy",22,"Côtes-d'Armor",2006,0,151
62668,"Prédefin",62,"Pas-de-Calais",201,0,50
71073,"Chagny",71,"Saône-et-Loire",5454,0,112
34131,"Lauret",34,"Hérault",627,0,77
44162,"Saint-Herblain",44,"Loire-Atlantique",49537,0,2501
24097,"Champagne-et-Fontaine",24,"Dordogne",347,0,27
80598,"Nouvion",80,"Somme",1220,0,38
21131,"Chamblanc",21,"Côte-d'Or",471,0,43
11045,"Bouriège",11,"Aude",147,0,103
28162,"Fresnay-le-Comte",28,"Eure-et-Loir",289,0,46
40229,"Pontenx-les-Forges",40,"Landes",1698,0,12
10239,"Mesnil-Sellières",10,"Aube",583,0,83
63130,"La Crouzille",63,"Puy-de-Dôme",259,0,53
8496,"Wagnon",8,"Ardennes",116,0,33
9154,"Larbont",9,"Ariège",61,0,26
34095,"Fabrègues",34,"Hérault",7197,0,404
2133,"Bucy-lès-Pierrepont",2,"Aisne",401,0,42
78643,"Vernouillet",78,"Yvelines",10025,0,1799
50364,"Muneville-le-Bingard",50,"Manche",722,0,124
59564,"La Sentinelle",59,"Nord",3143,0,816
21204,"Courcelles-lès-Montbard",21,"Côte-d'Or",88,0,46
54236,"Grand-Failly",54,"Meurthe-et-Moselle",368,0,57
33138,"Coutras",33,"Gironde",8669,0,162
79050,"Bretignolles",79,"Deux-Sèvres",594,0,177
74143,"Les Houches",74,"Haute-Savoie",3353,0,113
50192,"Fourneaux",50,"Manche",131,0,56
19113,"Liginiac",19,"Corrèze",654,0,20
81137,"Lasfaillades",81,"Tarn",88,0,46
33348,"Queyrac",33,"Gironde",1346,0,56
63306,"La Roche-Noire",63,"Puy-de-Dôme",623,0,175
67045,"Bischoffsheim",67,"Bas-Rhin",3352,0,329
22135,"Louargat",22,"Côtes-d'Armor",2338,0,71
78007,"Aigremont",78,"Yvelines",1083,0,1217
30307,"Les Salles-du-Gardon",30,"Gard",2455,0,135
1133,"Cressin-Rochefort",1,"Ain",389,0,149
11339,"Saint-Denis",11,"Aude",498,0,34
54115,"Champigneulles",54,"Meurthe-et-Moselle",6594,0,1065
4244,"Volonne",4,"Alpes-de-Haute-Provence",1638,0,24
32387,"Saint-Loube",32,"Gers",104,0,49
88356,"Les Poulières",88,"Vosges",294,0,86
11284,"Peyrens",11,"Aude",461,0,100
22193,"Plestan",22,"Côtes-d'Armor",1640,0,149
88506,"Vieux-Moulin",88,"Vosges",316,0,60
58176,"Montigny-aux-Amognes",58,"Nièvre",642,0,66
16103,"Combiers",16,"Charente",124,0,23
49069,"Orée d'Anjou",49,"Maine-et-Loire",16709,0,171
61203,"Héloup",61,"Orne",890,0,234
52307,"Marac",52,"Haute-Marne",211,0,10
66145,"Ponteilla",66,"Pyrénées-Orientales",2922,0,327
86275,"Usseau",86,"Vienne",591,0,222
72151,"Juigné-sur-Sarthe",72,"Sarthe",1139,0,112
21478,"Pasques",21,"Côte-d'Or",284,0,50
45139,"Estouy",45,"Loiret",494,0,109
54096,"Bréhain-la-Ville",54,"Meurthe-et-Moselle",445,0,193
79216,"Prahecq",79,"Deux-Sèvres",2246,0,106
77500,"Villebéon",77,"Seine-et-Marne",460,0,67
33514,"Soulac-sur-Mer",33,"Gironde",2922,0,45
47264,"Saint-Pardoux-Isaac",47,"Lot-et-Garonne",1092,0,49
59499,"Rexpoëde",59,"Nord",1992,0,146
12200,"Rivière-sur-Tarn",12,"Aveyron",1023,0,19
62391,"Guarbecque",62,"Pas-de-Calais",1369,0,200
44174,"Saint-Lumine-de-Coutais",44,"Loire-Atlantique",2357,0,125
45173,"Jargeau",45,"Loiret",4662,0,150
78113,"Brueil-en-Vexin",78,"Yvelines",683,0,561
12170,"Naussac",12,"Aveyron",393,0,62
49029,"Blaison-Saint-Sulpice",49,"Maine-et-Loire",1302,0,154
71220,"Gilly-sur-Loire",71,"Saône-et-Loire",470,0,64
83107,"Roquebrune-sur-Argens",83,"Var",14448,0,200
25375,"Les Monts-Ronds",25,"Doubs",668,0,81
9102,"Coutens",9,"Ariège",176,0,30
66106,"Maureillas-las-Illas",66,"Pyrénées-Orientales",2762,0,135
56247,"Sulniac",56,"Morbihan",3829,0,176
26068,"Le Chalon",26,"Drôme",203,0,78
85083,"L'Épine",85,"Vendée",1648,0,49
54477,"Saint-Julien-lès-Gorze",54,"Meurthe-et-Moselle",162,0,72
71441,"Saint-Léger-sous-la-Bussière",71,"Saône-et-Loire",284,0,35
71312,"Montcoy",71,"Saône-et-Loire",248,0,59
12084,"Creissels",12,"Aveyron",1552,0,136
16347,"Saint-Romain",16,"Charente",511,0,43
49271,"Saint-Clément-de-la-Place",49,"Maine-et-Loire",2109,0,147
61151,"Écorcei",61,"Orne",385,0,102
44021,"Villeneuve-en-Retz",44,"Loire-Atlantique",5003,0,61
2221,"Coupru",2,"Aisne",156,0,195
10150,"Fontaine",10,"Aube",248,0,55
63307,"Romagnat",63,"Puy-de-Dôme",7869,0,1191
57692,"Vannecourt",57,"Moselle",71,0,28
85149,"Moreilles",85,"Vendée",409,0,101
50539,"Saint-Pierre-Église",50,"Manche",1822,0,51
12291,"Verrières",12,"Aveyron",369,0,35
31015,"Argut-Dessous",31,"Haute-Garonne",22,0,18
64487,"Saint-Just-Ibarre",64,"Pyrénées-Atlantiques",198,0,10
82057,"Fabas",82,"Tarn-et-Garonne",688,0,134
30308,"Sanilhac-Sagriès",30,"Gard",813,0,129
61357,"Rouperroux",61,"Orne",183,0,31
12045,"Camboulazet",12,"Aveyron",391,0,57
57143,"Clouange",57,"Moselle",3359,0,890
32146,"Gimbrède",32,"Gers",276,0,40
13054,"Marignane",13,"Bouches-du-Rhône",33003,0,608
49023,"Beaupréau-en-Mauges",49,"Maine-et-Loire",23639,0,363
59249,"Fourmies",59,"Nord",11456,0,207
19180,"Saint-Angel",19,"Corrèze",699,0,75
35202,"La Noë-Blanche",35,"Ille-et-Vilaine",1012,0,113
49064,"Chambellay",49,"Maine-et-Loire",397,0,59
53201,"Saint-Berthevin",53,"Mayenne",7353,0,88
59329,"Lambres-lez-Douai",59,"Nord",4926,0,823
42010,"Aveizieux",42,"Loire",1686,0,157
35121,"Gosné",35,"Ille-et-Vilaine",2051,0,123
28171,"Garnay",28,"Eure-et-Loir",973,0,157
55545,"Verdun",55,"Meuse",16689,0,176
91661,"Villebon-sur-Yvette",91,"Essonne",10322,0,1897
72294,"Saint-Léonard-des-Bois",72,"Sarthe",474,0,38
28242,"Méréglise",28,"Eure-et-Loir",103,0,62
42308,"La Terrasse-sur-Dorlay",42,"Loire",771,0,348
32027,"Barcelonne-du-Gers",32,"Gers",1358,0,58
6149,"La Trinité",6,"Alpes-Maritimes",10276,0,2308
37212,"Sainte-Catherine-de-Fierbois",37,"Indre-et-Loire",789,0,67
66094,"Latour-Bas-Elne",66,"Pyrénées-Orientales",3221,0,327
76373,"Imbleville",76,"Seine-Maritime",310,0,94
19105,"Lanteuil",19,"Corrèze",491,0,113
14708,"Tracy-Bocage",14,"Calvados",297,0,99
76447,"Montivilliers",76,"Seine-Maritime",15457,0,1281
12034,"Brandonnet",12,"Aveyron",294,0,100
83059,"Forcalqueiret",83,"Var",3269,0,269
83104,"Rians",83,"Var",4272,0,55
71484,"Saint-Usuge",71,"Saône-et-Loire",1240,0,106
37167,"Neuillé-Pont-Pierre",37,"Indre-et-Loire",2183,0,48
80130,"Bovelles",80,"Somme",420,0,81
25536,"Sauvagney",25,"Doubs",194,0,39
19040,"Champagnac-la-Prune",19,"Corrèze",149,0,15
14353,"Landes-sur-Ajon",14,"Calvados",451,0,92
17455,"La Vallée",17,"Charente-Maritime",659,0,57
22391,"Yvignac-la-Tour",22,"Côtes-d'Armor",1113,0,99
10313,"Radonvilliers",10,"Aube",341,0,40
39114,"Château-Chalon",39,"Jura",143,0,80
56253,"Tréal",56,"Morbihan",660,0,86
64306,"Lahourcade",64,"Pyrénées-Atlantiques",703,0,124
77327,"Nangis",77,"Seine-et-Marne",8898,0,95
33051,"Biganos",33,"Gironde",11095,0,201
51350,"Margny",51,"Marne",128,0,43
65303,"Mascaras",65,"Hautes-Pyrénées",375,0,168
51493,"Saint-Léonard",51,"Marne",105,0,90
62886,"Wicquinghem",62,"Pas-de-Calais",269,0,42
81229,"Roquevidal",81,"Tarn",132,0,105
28056,"Boutigny-Prouais",28,"Eure-et-Loir",1663,0,126
50229,"Hamelin",50,"Manche",102,0,40
36091,"Lacs",36,"Indre",657,0,45
56252,"Le Tour-du-Parc",56,"Morbihan",1237,0,113
40192,"Mont-de-Marsan",40,"Landes",30674,0,275
81313,"Le Verdier",81,"Tarn",227,0,17
51655,"Vouzy",51,"Marne",294,0,18
89325,"Ronchères",89,"Yonne",89,0,24
46267,"Saint-Germain-du-Bel-Air",46,"Lot",585,0,14
79022,"Availles-Thouarsais",79,"Deux-Sèvres",188,0,69
67344,"Oberhoffen-lès-Wissembourg",67,"Bas-Rhin",316,0,85
71488,"Saint-Vincent-des-Prés",71,"Saône-et-Loire",100,0,24
24518,"Salon",24,"Dordogne",290,0,21
34142,"Lodève",34,"Hérault",7289,0,65
88246,"Hymont",88,"Vosges",487,0,65
18111,"Humbligny",18,"Cher",184,0,37
60504,"Ponchon",60,"Oise",1139,0,148
15004,"Andelat",15,"Cantal",473,0,76
40232,"Poudenx",40,"Landes",220,0,66
38334,"Revel",38,"Isère",1308,0,127
72173,"Luceau",72,"Sarthe",1234,0,67
61317,"Orgères",61,"Orne",185,0,36
39193,"Le Deschaux",39,"Jura",1014,0,49
88391,"Rochesson",88,"Vosges",679,0,120
9008,"Alos",9,"Ariège",118,0,28
56190,"Réguiny",56,"Morbihan",1957,0,79
70013,"Ambiévillers",70,"Haute-Saône",67,0,29
63371,"Saint-Just",63,"Puy-de-Dôme",149,0,34
34125,"Lagamas",34,"Hérault",110,0,150
78192,"Dammartin-en-Serve",78,"Yvelines",1394,0,153
71342,"Paray-le-Monial",71,"Saône-et-Loire",9239,0,80
71340,"Palinges",71,"Saône-et-Loire",1442,0,40
44016,"La Boissière-du-Doré",44,"Loire-Atlantique",1097,0,135
13003,"Alleins",13,"Bouches-du-Rhône",2764,0,458
52360,"Occey",52,"Haute-Marne",168,0,15
59038,"Avesnes-le-Sec",59,"Nord",1447,0,266
32079,"Castelnau d'Auzan Labarrère",32,"Gers",1186,0,55
36114,"Mauvières",36,"Indre",303,0,52
2469,"Marly-Gomont",2,"Aisne",488,0,31
69166,"Riverie",69,"Rhône",321,0,224
80746,"Talmas",80,"Somme",1079,0,65
14061,"Souleuvre en Bocage",14,"Calvados",8745,0,144
10319,"Rigny-le-Ferron",10,"Aube",321,0,25
50357,"Morigny",50,"Manche",70,0,35
4214,"Tartonne",4,"Alpes-de-Haute-Provence",127,0,4
58144,"Livry",58,"Nièvre",663,0,34
40248,"Saint-André-de-Seignanx",40,"Landes",1881,0,246
41096,"Le Gault-du-Perche",41,"Loir-et-Cher",327,0,33
32128,"Estipouy",32,"Gers",209,0,42
29072,"Guilvinec",29,"Finistère",2682,0,168
27543,"Saint-Georges-Motel",27,"Eure",879,0,285
79048,"La Crèche",79,"Deux-Sèvres",5732,0,185
29290,"Tréglonou",29,"Finistère",691,0,169
88492,"Le Valtin",88,"Vosges",74,0,54
31070,"Blajan",31,"Haute-Garonne",439,0,27
59357,"La Longueville",59,"Nord",2065,0,268
44072,"Herbignac",44,"Loire-Atlantique",7133,0,135
60477,"Ons-en-Bray",60,"Oise",1378,0,119
71209,"Frontenaud",71,"Saône-et-Loire",722,0,74
46149,"Lamagdelaine",46,"Lot",710,0,140
18045,"Chalivoy-Milon",18,"Cher",391,0,16
17201,"La Laigne",17,"Charente-Maritime",488,0,104
62318,"Étaples",62,"Pas-de-Calais",10930,0,167
41237,"Sassay",41,"Loir-et-Cher",1078,0,71
10253,"Montmorency-Beaufort",10,"Aube",148,0,12
57222,"Folkling",57,"Moselle",1374,0,614
62235,"Condette",62,"Pas-de-Calais",2469,0,237
25528,"Samson",25,"Doubs",70,0,43
81046,"Cadalen",81,"Tarn",1531,0,124
11267,"Ornaisons",11,"Aude",1102,0,131
23020,"Bellegarde-en-Marche",23,"Creuse",375,0,19
21231,"Dijon",21,"Côte-d'Or",159346,1,1336
50628,"Vernix",50,"Manche",155,0,120
62233,"Conchil-le-Temple",62,"Pas-de-Calais",1100,0,166
25361,"Malbuisson",25,"Doubs",855,0,97
26377,"Vinsobres",26,"Drôme",1017,0,161
73267,"Saint-Pancrace",73,"Savoie",304,0,76
62272,"Douchy-lès-Ayette",62,"Pas-de-Calais",305,0,79
14497,"Perrières",14,"Calvados",339,0,129
56128,"Melrand",56,"Morbihan",1519,0,51
26056,"Bourdeaux",26,"Drôme",693,0,33
71016,"Azé",71,"Saône-et-Loire",1079,0,69
71552,"Uxeau",71,"Saône-et-Loire",508,0,58
25262,"Fuans",25,"Doubs",467,0,53
68277,"Riquewihr",68,"Haut-Rhin",1032,0,187
27014,"Amfreville-sur-Iton",27,"Eure",871,0,74
34193,"Pardailhan",34,"Hérault",173,0,32
10157,"La Fosse-Corduan",10,"Aube",214,0,48
59242,"Fontaine-au-Bois",59,"Nord",695,0,92
47201,"Le Passage",47,"Lot-et-Garonne",9373,0,442
70524,"Vauchoux",70,"Haute-Saône",117,0,74
90090,"Saint-Dizier-l'Évêque",90,"Territoire de Belfort",434,0,308
21680,"Vielverge",21,"Côte-d'Or",504,0,59
14124,"La Cambe",14,"Calvados",550,0,55
77096,"Chartrettes",77,"Seine-et-Marne",2543,0,741
77355,"Paroy",77,"Seine-et-Marne",176,0,126
37149,"Marray",37,"Indre-et-Loire",482,0,25
60407,"Monceaux-l'Abbaye",60,"Oise",216,0,65
1391,"Salavre",1,"Ain",284,0,67
3237,"Saint-Germain-de-Salles",3,"Allier",427,0,47
12250,"Saint-Symphorien-de-Thénières",12,"Aveyron",214,0,12
72190,"Marolles-lès-Saint-Calais",72,"Sarthe",284,0,39
80124,"Bourseville",80,"Somme",715,0,164
24575,"Veyrines-de-Domme",24,"Dordogne",234,0,42
52469,"Semoutiers-Montsaon",52,"Haute-Marne",723,0,150
40184,"Mimizan",40,"Landes",7364,0,54
6062,"Fontan",6,"Alpes-Maritimes",310,0,26
43065,"Chastel",43,"Haute-Loire",118,0,13
18092,"Farges-en-Septaine",18,"Cher",1004,0,54
72158,"Lavaré",72,"Sarthe",816,0,61
17167,"Le Fouilloux",17,"Charente-Maritime",765,0,51
85229,"Saint-Hilaire-de-Voust",85,"Vendée",614,0,55
33042,"Belin-Béliet",33,"Gironde",6039,0,75
60497,"Le Plessier-sur-Bulles",60,"Oise",212,0,89
40066,"Carcarès-Sainte-Croix",40,"Landes",547,0,46
37073,"Chisseaux",37,"Indre-et-Loire",575,0,112
40332,"Ychoux",40,"Landes",2339,0,61
84027,"Caderousse",84,"Vaucluse",2590,0,318
34058,"Castries",34,"Hérault",6523,0,459
36083,"Giroux",36,"Indre",119,0,37
12157,"Montrozier",12,"Aveyron",1723,0,86
83134,"Taradeau",83,"Var",1854,0,276
54197,"Fléville-devant-Nancy",54,"Meurthe-et-Moselle",2202,0,644
63275,"Perrier",63,"Puy-de-Dôme",901,0,157
4171,"Rougon",4,"Alpes-de-Haute-Provence",121,0,12
73159,"Les Mollettes",73,"Savoie",864,0,203
55312,"Maizey",55,"Meuse",163,0,41
11230,"Mérial",11,"Aude",33,0,7
60069,"Betz",60,"Oise",1121,0,142
69276,"Feyzin",69,"Rhône",9850,0,1365
2321,"Fontaine-lès-Vervins",2,"Aisne",876,0,54
80663,"Rambures",80,"Somme",363,0,82
19278,"Varetz",19,"Corrèze",2462,0,429
29130,"Locmaria-Plouzané",29,"Finistère",5138,0,202
67062,"Breitenau",67,"Bas-Rhin",335,0,125
5104,"Poligny",5,"Hautes-Alpes",337,0,35
53101,"Fromentières",53,"Mayenne",832,0,128
69240,"Saint-Vincent-de-Reins",69,"Rhône",620,0,100
31392,"Mourvilles-Basses",31,"Haute-Garonne",79,0,65
80766,"Toutencourt",80,"Somme",429,0,47
23258,"Vareilles",23,"Creuse",313,0,57
33205,"Illats",33,"Gironde",1387,0,155
67310,"Mussig",67,"Bas-Rhin",1139,0,261
31308,"Luscan",31,"Haute-Garonne",46,0,59
57377,"Landange",57,"Moselle",244,0,111
82030,"Castelferrus",82,"Tarn-et-Garonne",490,0,136
57571,"Rémering-lès-Puttelange",57,"Moselle",1017,0,146
42095,"Firminy",42,"Loire",17137,0,340
76638,"Saint-Pierre-en-Val",76,"Seine-Maritime",1090,0,171
61464,"Sées",61,"Orne",4191,0,40
50401,"Pierreville",50,"Manche",752,0,77
82029,"Castanet",82,"Tarn-et-Garonne",277,0,33
1118,"Corbonod",1,"Ain",1296,0,44
6130,"Saint-Vallier-de-Thiey",6,"Alpes-Maritimes",3667,0,403
83070,"Le Lavandou",83,"Var",6216,0,81
84010,"La Bastidonne",84,"Vaucluse",899,0,199
21391,"Marsannay-le-Bois",21,"Côte-d'Or",841,0,83
60418,"Montiers",60,"Oise",402,0,80
49205,"Miré",49,"Maine-et-Loire",1024,0,90
85026,"La Boissière-des-Landes",85,"Vendée",1449,0,104
38442,"Saint-Pierre-de-Chartreuse",38,"Isère",939,0,113
33203,"Hourtin",33,"Gironde",3983,0,27
37008,"Athée-sur-Cher",37,"Indre-et-Loire",2804,0,165
10089,"Châtres",10,"Aube",703,0,133
4167,"La Robine-sur-Galabre",4,"Alpes-de-Haute-Provence",282,0,12
89397,"Sommecaise",89,"Yonne",379,0,15
62573,"Meurchin",62,"Pas-de-Calais",3717,0,822
55026,"Badonvilliers-Gérauvilliers",55,"Meuse",128,0,32
78297,"Guyancourt",78,"Yvelines",29406,0,2387
56093,"Kergrist",56,"Morbihan",715,0,52
7159,"Mirabel",7,"Ardèche",767,0,149
59253,"Fresnes-sur-Escaut",59,"Nord",7486,0,501
64221,"Etcharry",64,"Pyrénées-Atlantiques",156,0,54
30064,"Campestre-et-Luc",30,"Gard",145,0,10
19096,"Ladignac-sur-Rondelles",19,"Corrèze",407,0,119
11322,"Roquefort-des-Corbières",11,"Aude",1021,0,99
53127,"Lassay-les-Châteaux",53,"Mayenne",2239,0,52
35137,"Javené",35,"Ille-et-Vilaine",2165,0,225
91200,"Dourdan",91,"Essonne",11279,0,142
68224,"Mulhouse",68,"Haut-Rhin",106341,1,1183
27368,"Lignerolles",27,"Eure",349,0,74
31061,"Bellegarde-Sainte-Marie",31,"Haute-Garonne",199,0,126
40157,"Lit-et-Mixe",40,"Landes",1690,0,28
41122,"Maray",41,"Loir-et-Cher",231,0,40
59238,"Flines-lès-Mortagne",59,"Nord",1649,0,185
19280,"Végennes",19,"Corrèze",176,0,68
2303,"Fayet",2,"Aisne",698,0,417
35335,"Thourie",35,"Ille-et-Vilaine",856,0,56
16414,"Villognon",16,"Charente",325,0,49
56077,"Le Guerno",56,"Morbihan",983,0,109
44069,"Guérande",44,"Loire-Atlantique",16151,0,301
22177,"Pléguien",22,"Côtes-d'Armor",1412,0,100
76276,"Forges-les-Eaux",76,"Seine-Maritime",3702,0,64
87126,"Rochechouart",87,"Haute-Vienne",3681,0,123
71529,"Suin",71,"Saône-et-Loire",268,0,16
14098,"Thue et Mue",14,"Calvados",6169,0,268
41271,"Vernou-en-Sologne",41,"Loir-et-Cher",582,0,17
71371,"La Roche-Vineuse",71,"Saône-et-Loire",1572,0,119
89206,"Joigny",89,"Yonne",9218,0,107
85138,"Martinet",85,"Vendée",1187,0,99
85255,"Saint-Michel-en-l'Herm",85,"Vendée",2329,0,37
12068,"Colombiès",12,"Aveyron",876,0,49
4123,"Mison",4,"Alpes-de-Haute-Provence",1111,0,86
50349,"Montmartin-sur-Mer",50,"Manche",1405,0,100
45329,"Triguères",45,"Loiret",1275,0,63
62079,"Bancourt",62,"Pas-de-Calais",85,0,68
83003,"Ampus",83,"Var",899,0,43
33496,"Sallebœuf",33,"Gironde",2728,0,231
95370,"Marines",95,"Val-d'Oise",3422,0,125
32112,"Crastes",32,"Gers",258,0,40
85164,"Notre-Dame-de-Monts",85,"Vendée",2160,0,102
47148,"Leyritz-Moncassin",47,"Lot-et-Garonne",205,0,67
50077,"Bretteville",50,"Manche",1014,0,452
45270,"Saint-Benoît-sur-Loire",45,"Loiret",2005,0,96
68331,"Sundhoffen",68,"Haut-Rhin",1949,0,515
57436,"Malaucourt-sur-Seille",57,"Moselle",128,0,46
43216,"Saint-Paulien",43,"Haute-Loire",2420,0,61
33125,"Cissac-Médoc",33,"Gironde",2262,0,107
24468,"Saint-Michel-de-Villadeix",24,"Dordogne",299,0,20
26142,"Glandage",26,"Drôme",117,0,7
58209,"Perroy",58,"Nièvre",145,0,24
48188,"Serverette",48,"Lozère",248,0,19
40306,"Sorde-l'Abbaye",40,"Landes",628,0,57
29163,"Pleyber-Christ",29,"Finistère",3186,0,110
47283,"Saint-Vite",47,"Lot-et-Garonne",1177,0,91
10049,"Les Bordes-Aumont",10,"Aube",530,0,120
80501,"Maison-Ponthieu",80,"Somme",289,0,50
53107,"Gorron",53,"Mayenne",2511,0,35
45271,"Saint-Brisson-sur-Loire",45,"Loiret",961,0,79
3135,"Lalizolle",3,"Allier",415,0,33
66205,"Tautavel",66,"Pyrénées-Orientales",877,0,40
58233,"Saint-Benin-des-Bois",58,"Nièvre",184,0,26
70569,"Vilory",70,"Haute-Saône",66,0,40
2002,"Achery",2,"Aisne",594,0,136
51525,"Sarry",51,"Marne",2011,0,352
29046,"Douarnenez",29,"Finistère",14163,0,104
22052,"Duault",22,"Côtes-d'Armor",382,0,39
51352,"Marolles",51,"Marne",827,0,124
45166,"Huêtre",45,"Loiret",282,0,53
16137,"Feuillade",16,"Charente",293,0,34
53088,"Cuillé",53,"Mayenne",816,0,84
22049,"Créhen",22,"Côtes-d'Armor",1654,0,165
79295,"Saint-Romans-lès-Melle",79,"Deux-Sèvres",711,0,81
34150,"Marseillan",34,"Hérault",7643,0,557
77534,"Yèbles",77,"Seine-et-Marne",958,0,135
10269,"Nozay",10,"Aube",153,0,44
79042,"Bougon",79,"Deux-Sèvres",173,0,54
58124,"Germigny-sur-Loire",58,"Nièvre",757,0,163
54388,"Mouacourt",54,"Meurthe-et-Moselle",73,0,15
27114,"Breuilpont",27,"Eure",1205,0,138
28127,"Dangeau",28,"Eure-et-Loir",1247,0,56
74183,"Mieussy",74,"Haute-Savoie",2486,0,137
42334,"Violay",42,"Loire",1215,0,141
18066,"Civray",18,"Cher",909,0,66
56228,"Saint-Marcel",56,"Morbihan",1127,0,102
31559,"Trébons-de-Luchon",31,"Haute-Garonne",8,0,27
95604,"Survilliers",95,"Val-d'Oise",4216,0,363
31195,"Francazal",31,"Haute-Garonne",29,0,31
11261,"Moux",11,"Aude",711,0,59
45127,"Dordives",45,"Loiret",3263,0,117
8255,"Linay",8,"Ardennes",221,0,48
57567,"Rémelfang",57,"Moselle",145,0,89
73154,"Mercury",73,"Savoie",3411,0,256
77373,"Pontault-Combault",77,"Seine-et-Marne",38258,0,2294
79345,"Verruyes",79,"Deux-Sèvres",895,0,55
66061,"Coustouges",66,"Pyrénées-Orientales",90,0,7
91461,"Ollainville",91,"Essonne",5314,0,761
80261,"Dury",80,"Somme",1455,0,883
8164,"Falaise",8,"Ardennes",341,0,41
38020,"Auris",38,"Isère",179,0,41
44128,"Plessé",44,"Loire-Atlantique",5257,0,85
60388,"Martincourt",60,"Oise",135,0,77
76169,"La Cerlangue",76,"Seine-Maritime",1297,0,117
61391,"Saint-Georges-des-Groseillers",61,"Orne",3164,0,196
72058,"Changé",72,"Sarthe",6686,0,941
50079,"Breuville",50,"Manche",401,0,121
23184,"Saint-Bard",23,"Creuse",96,0,14
42232,"Saint-Haon-le-Châtel",42,"Loire",633,0,84
78681,"Villiers-le-Mahieu",78,"Yvelines",856,0,209
25280,"Goumois",25,"Doubs",153,0,22
62893,"Wimereux",62,"Pas-de-Calais",6358,0,441
60197,"Dieudonné",60,"Oise",945,0,309
49259,"Rochefort-sur-Loire",49,"Maine-et-Loire",2308,0,83
27415,"Morainville-Jouveaux",27,"Eure",368,0,53
80020,"Allonville",80,"Somme",775,0,112
49211,"Montilliers",49,"Maine-et-Loire",1224,0,83
2589,"Pargny-Filain",2,"Aisne",255,0,79
94016,"Cachan",94,"Val-de-Marne",30592,0,16927
52001,"Ageville",52,"Haute-Marne",315,0,44
80051,"Bailleul",80,"Somme",250,0,66
7161,"Montpezat-sous-Bauzon",7,"Ardèche",741,0,32
92025,"Colombes",92,"Hauts-de-Seine",88870,1,8787
39339,"Chassal-Molinges",39,"Jura",1128,0,79
62631,"Nuncq-Hautecôte",62,"Pas-de-Calais",481,0,69
85146,"Montaigu-Vendée",85,"Vendée",20605,0,189
77003,"Amponville",77,"Seine-et-Marne",346,0,104
34093,"Dio-et-Valquières",34,"Hérault",149,0,61
77339,"Noisy-sur-École",77,"Seine-et-Marne",1822,0,69
57087,"Bisten-en-Lorraine",57,"Moselle",253,0,206
83113,"Saint-Julien",83,"Var",2394,0,79
63215,"Martres-sur-Morge",63,"Puy-de-Dôme",699,0,196
24030,"Beauregard-de-Terrasson",24,"Dordogne",679,0,89
83001,"Les Adrets-de-l'Estérel",83,"Var",2793,0,598
41184,"Prunay-Cassereau",41,"Loir-et-Cher",596,0,21
13014,"Berre-l'Étang",13,"Bouches-du-Rhône",13912,0,235
31071,"Bois-de-la-Pierre",31,"Haute-Garonne",453,0,124
51062,"Binarville",51,"Marne",91,0,13
47167,"Mézin",47,"Lot-et-Garonne",1460,0,23
51289,"Heiltz-le-Maurupt",51,"Marne",437,0,41
61145,"Domfront en Poiraie",61,"Orne",4155,0,46
29134,"Locronan",29,"Finistère",784,0,79
18072,"Cornusse",18,"Cher",240,0,22
66136,"Perpignan",66,"Pyrénées-Orientales",119656,1,1058
3074,"Chevagnes",3,"Allier",641,0,34
38110,"Chuzelles",38,"Isère",2333,0,639
33029,"Le Barp",33,"Gironde",5654,0,30
74229,"Saint-Cergues",74,"Haute-Savoie",3714,0,573
13007,"Auriol",13,"Bouches-du-Rhône",12839,0,283
76414,"Martin-Église",76,"Seine-Maritime",1600,0,319
59189,"Eecke",59,"Nord",1221,0,275
44182,"Saint-Michel-Chef-Chef",44,"Loire-Atlantique",5324,0,176
72315,"Saint-Rémy-de-Sillé",72,"Sarthe",835,0,64
76126,"Bosc-Mesnil",76,"Seine-Maritime",325,0,75
86086,"Coussay-les-Bois",86,"Vienne",918,0,48
47210,"Port-Sainte-Marie",47,"Lot-et-Garonne",1839,0,76
11014,"Armissan",11,"Aude",1488,0,424
42058,"Chazelles-sur-Lavieu",42,"Loire",250,0,71
67295,"Mittelbergheim",67,"Bas-Rhin",598,0,172
88111,"Coinches",88,"Vosges",349,0,217
34279,"Saint-Nazaire-de-Ladarez",34,"Hérault",321,0,90
69113,"Létra",69,"Rhône",903,0,79
70305,"Lœuilley",70,"Haute-Saône",99,0,38
33470,"Saint-Romain-la-Virvée",33,"Gironde",922,0,357
71252,"Lalheue",71,"Saône-et-Loire",356,0,61
14223,"Le Détroit",14,"Calvados",90,0,45
87114,"Panazol",87,"Haute-Vienne",11064,0,873
40075,"Castets",40,"Landes",2505,0,33
40330,"Villenave",40,"Landes",310,0,33
58280,"Sougy-sur-Loire",58,"Nièvre",585,0,66
85028,"Bouillé-Courdault",85,"Vendée",591,0,72
56039,"La Chapelle-Neuve",56,"Morbihan",989,0,122
56001,"Allaire",56,"Morbihan",3875,0,128
60512,"Pouilly",60,"Oise",158,0,80
44130,"Pont-Saint-Martin",44,"Loire-Atlantique",6780,0,454
56082,"Helléan",56,"Morbihan",382,0,139
30067,"La Capelle-et-Masmolène",30,"Gard",415,0,97
50302,"Le Mesnil-Amey",50,"Manche",287,0,141
44105,"Mouais",44,"Loire-Atlantique",360,0,59
51087,"Breuvery-sur-Coole",51,"Marne",214,0,13
60033,"Avilly-Saint-Léonard",60,"Oise",879,0,241
49060,"Bellevigne-les-Châteaux",49,"Maine-et-Loire",3463,0,259
45111,"Courcy-aux-Loges",45,"Loiret",453,0,51
25171,"Courcelles",25,"Doubs",107,0,42
35208,"Orgères",35,"Ille-et-Vilaine",5471,0,389
29110,"Langolen",29,"Finistère",847,0,110
86195,"Port-de-Piles",86,"Vienne",556,0,92
70319,"Magny-Jobert",70,"Haute-Saône",131,0,57
54467,"Rozelieures",54,"Meurthe-et-Moselle",186,0,28
89249,"Mercy",89,"Yonne",77,0,106
35130,"Hédé-Bazouges",35,"Ille-et-Vilaine",2278,0,147
59212,"Estaires",59,"Nord",6496,0,363
69023,"Blacé",69,"Rhône",1669,0,181
2057,"Beaurevoir",2,"Aisne",1368,0,109
11127,"Escouloubre",11,"Aude",70,0,4
74196,"Nancy-sur-Cluses",74,"Haute-Savoie",470,0,230
7276,"Saint-Michel-d'Aurance",7,"Ardèche",263,0,48
37161,"Mosnes",37,"Indre-et-Loire",812,0,52
2760,"La Vallée-Mulâtre",2,"Aisne",143,0,140
80797,"Villers-aux-Érables",80,"Somme",143,0,108
28037,"Bérou-la-Mulotière",28,"Eure-et-Loir",341,0,76
13025,"Châteauneuf-le-Rouge",13,"Bouches-du-Rhône",2357,0,209
18009,"Arcomps",18,"Cher",274,0,81
24026,"Bassillac et Auberoche",24,"Dordogne",4363,0,160
37166,"Neuillé-le-Lierre",37,"Indre-et-Loire",773,0,100
79347,"Viennay",79,"Deux-Sèvres",1092,0,131
13039,"Fos-sur-Mer",13,"Bouches-du-Rhône",15469,0,247
2021,"Archon",2,"Aisne",79,0,30
59260,"Ghyvelde",59,"Nord",4119,0,130
85233,"Saint-Jean-de-Beugné",85,"Vendée",622,0,71
40031,"Bégaar",40,"Landes",1215,0,48
50491,"Saint-Jean-de-Savigny",50,"Manche",431,0,48
5092,"Neffes",5,"Hautes-Alpes",791,0,273
35327,"Servon-sur-Vilaine",35,"Ille-et-Vilaine",3864,0,192
29146,"Melgven",29,"Finistère",3405,0,260
89380,"Savigny-sur-Clairis",89,"Yonne",450,0,45
66230,"Vinça",66,"Pyrénées-Orientales",2156,0,75
65003,"Adervielle-Pouchergues",65,"Hautes-Pyrénées",153,0,20
52331,"La Porte du Der",52,"Haute-Marne",2169,0,34
91293,"Guigneville-sur-Essonne",91,"Essonne",883,0,231
53096,"Ernée",53,"Mayenne",5576,0,75
84020,"Bonnieux",84,"Vaucluse",1177,0,108
25119,"Champvans-les-Moulins",25,"Doubs",318,0,135
44107,"Mouzeil",44,"Loire-Atlantique",1973,0,83
56113,"Locmalo",56,"Morbihan",898,0,32
8028,"Aubrives",8,"Ardennes",982,0,76
4076,"Entrevaux",4,"Alpes-de-Haute-Provence",801,0,7
16339,"Val-d'Auge",16,"Charente",796,0,48
31162,"Donneville",31,"Haute-Garonne",1119,0,393
30255,"Saint-Geniès-de-Malgoirès",30,"Gard",3120,0,131
43032,"Blavozy",43,"Haute-Loire",1706,0,266
29045,"Dirinon",29,"Finistère",2203,0,281
1430,"Varambon",1,"Ain",654,0,121
53184,"Préaux",53,"Mayenne",162,0,45
87194,"Sussac",87,"Haute-Vienne",355,0,42
85093,"Fougeré",85,"Vendée",1236,0,84
66017,"Le Barcarès",66,"Pyrénées-Orientales",6049,0,195
44039,"Cheix-en-Retz",44,"Loire-Atlantique",1162,0,177
60674,"Vieux-Moulin",60,"Oise",597,0,307
55068,"Brabant-en-Argonne",55,"Meuse",104,0,22
17147,"Écoyeux",17,"Charente-Maritime",1396,0,105
72084,"Clermont-Créans",72,"Sarthe",1274,0,129
74134,"Les Gets",74,"Haute-Savoie",1223,0,77
27263,"Le Perrey",27,"Eure",1229,0,151
33126,"Civrac-de-Blaye",33,"Gironde",818,0,135
69277,"Genas",69,"Rhône",13483,0,916
40038,"Bergouey",40,"Landes",109,0,52
56096,"Landaul",56,"Morbihan",2458,0,119
25390,"Montbenoît",25,"Doubs",401,0,155
11192,"Lasbordes",11,"Aude",803,0,82
45041,"Bordeaux-en-Gâtinais",45,"Loiret",108,0,39
88417,"Saint-Gorgon",88,"Vosges",373,0,70
74056,"Chamonix-Mont-Blanc",74,"Haute-Savoie",8642,0,46
71014,"Autun",71,"Saône-et-Loire",13145,0,106
51091,"Broussy-le-Petit",51,"Marne",134,0,23
65244,"Lagarde",65,"Hautes-Pyrénées",530,0,355
38415,"Saint-Marcel-Bel-Accueil",38,"Isère",1455,0,244
27398,"Menneval",27,"Eure",1538,0,133
70447,"Rioz",70,"Haute-Saône",2420,0,57
44056,"Fay-de-Bretagne",44,"Loire-Atlantique",3750,0,150
34073,"Cers",34,"Hérault",2535,0,694
85040,"La Caillère-Saint-Hilaire",85,"Vendée",1106,0,103
45189,"Louzouer",45,"Loiret",245,0,124
38362,"Saint-Aupre",38,"Isère",1182,0,271
37251,"Souvigné",37,"Indre-et-Loire",914,0,54
15012,"Arpajon-sur-Cère",15,"Cantal",6315,0,199
64558,"Villefranque",64,"Pyrénées-Atlantiques",2893,0,873
55560,"Villers-aux-Vents",55,"Meuse",129,0,42
76313,"Gouy",76,"Seine-Maritime",895,0,497
71216,"Germagny",71,"Saône-et-Loire",195,0,37
89080,"La Chapelle-sur-Oreuse",89,"Yonne",659,0,99
79338,"Vanzay",79,"Deux-Sèvres",250,0,49
39297,"Longchaumois",39,"Jura",1130,0,116
89123,"Courgis",89,"Yonne",251,0,56
41106,"Lamotte-Beuvron",41,"Loir-et-Cher",4565,0,50
29300,"Le Trévoux",29,"Finistère",1609,0,80
60238,"Fleurines",60,"Oise",1827,0,215
71123,"Chenay-le-Châtel",71,"Saône-et-Loire",372,0,41
84082,"Mormoiron",84,"Vaucluse",1879,0,77
30267,"Saint-Jean-de-Serres",30,"Gard",529,0,96
40057,"Buanes",40,"Landes",244,0,56
56043,"Concoret",56,"Morbihan",758,0,46
36158,"Badecon-le-Pin",36,"Indre",774,0,39
9132,"Gaudiès",9,"Ariège",240,0,38
71158,"Cuisery",71,"Saône-et-Loire",1579,0,101
22057,"Le Faouët",22,"Côtes-d'Armor",410,0,88
63226,"Mur-sur-Allier",63,"Puy-de-Dôme",3208,0,240
49237,"La Pellerine",49,"Maine-et-Loire",133,0,50
84039,"Courthézon",84,"Vaucluse",6064,0,215
35014,"Bais",35,"Ille-et-Vilaine",2488,0,87
80263,"L'Échelle-Saint-Aurin",80,"Somme",47,0,74
56164,"Ploeren",56,"Morbihan",6699,0,566
1386,"Saint-Sorlin-en-Bugey",1,"Ain",1125,0,197
88330,"Nonville",88,"Vosges",191,0,28
38209,"Lentiol",38,"Isère",245,0,90
3269,"Sauvagny",3,"Allier",83,0,26
45215,"Montliard",45,"Loiret",237,0,64
27408,"Mézières-en-Vexin",27,"Eure",590,0,206
86020,"Bellefonds",86,"Vienne",253,0,40
72039,"Bonnétable",72,"Sarthe",3735,0,63
19216,"Saint-Julien-le-Vendômois",19,"Corrèze",242,0,41
62022,"Alincthun",62,"Pas-de-Calais",301,0,127
46190,"Mechmont",46,"Lot",125,0,16
85278,"Saint-Vincent-sur-Jard",85,"Vendée",1463,0,92
33249,"Lormont",33,"Gironde",23291,0,2422
6029,"Cannes",6,"Alpes-Maritimes",73255,0,1554
81134,"Lamontélarié",81,"Tarn",56,0,11
57192,"Enchenberg",57,"Moselle",1214,0,92
1320,"Replonges",1,"Ain",3899,0,359
12223,"Argences en Aubrac",12,"Aveyron",1595,0,20
25557,"Tallenay",25,"Doubs",432,0,800
35075,"Chauvigné",35,"Ille-et-Vilaine",812,0,106
45019,"Baccon",45,"Loiret",647,0,109
21440,"Montot",21,"Côte-d'Or",201,0,102
81121,"Lacabarède",81,"Tarn",291,0,30
35222,"Pleine-Fougères",35,"Ille-et-Vilaine",1972,0,84
12258,"La Salvetat-Peyralès",12,"Aveyron",998,0,26
29023,"Carantec",29,"Finistère",3236,0,229
2122,"Brie",2,"Aisne",55,0,61
43048,"La Chaise-Dieu",43,"Haute-Loire",601,0,18
24276,"Monestier",24,"Dordogne",409,0,67
38347,"Roybon",38,"Isère",1113,0,36
80199,"Cléry-sur-Somme",80,"Somme",520,0,94
66053,"Collioure",66,"Pyrénées-Orientales",2517,0,143
77430,"Saint-Pathus",77,"Seine-et-Marne",6358,0,148
31334,"Mauzac",31,"Haute-Garonne",1335,0,174
31232,"Grenade",31,"Haute-Garonne",8961,0,218
3124,"Gouise",3,"Allier",220,0,28
56081,"Guiscriff",56,"Morbihan",2061,0,57
17418,"Salignac-sur-Charente",17,"Charente-Maritime",608,0,182
71115,"Châtel-Moron",71,"Saône-et-Loire",86,0,42
61189,"Giel-Courteilles",61,"Orne",476,0,36
44038,"Chauvé",44,"Loire-Atlantique",3000,0,169
2376,"Hauteville",2,"Aisne",179,0,75
58018,"Authiou",58,"Nièvre",42,0,14
29225,"Pouldreuzic",29,"Finistère",2143,0,102
69108,"Lancié",69,"Rhône",1062,0,261
40108,"Gastes",40,"Landes",897,0,90
83116,"Saint-Maximin-la-Sainte-Baume",83,"Var",17631,0,172
4073,"Enchastrayes",4,"Alpes-de-Haute-Provence",396,0,29
16205,"Manot",16,"Charente",541,0,71
65301,"Marseillan",65,"Hautes-Pyrénées",266,0,46
89291,"Passy",89,"Yonne",333,0,243
46098,"Fajoles",46,"Lot",309,0,76
82183,"Tréjouls",82,"Tarn-et-Garonne",229,0,36
47017,"Auradou",47,"Lot-et-Garonne",432,0,61
33422,"Saint-Jean-d'Illac",33,"Gironde",9304,0,50
60140,"Chambors",60,"Oise",306,0,151
29019,"Brest",29,"Finistère",139619,1,999
67450,"Schirrhoffen",67,"Bas-Rhin",762,0,387
29111,"Lanhouarneau",29,"Finistère",1305,0,51
22155,"La Motte",22,"Côtes-d'Armor",2145,0,99
77444,"Sancy-lès-Provins",77,"Seine-et-Marne",331,0,21
81311,"Vénès",81,"Tarn",730,0,63
13092,"Saint-Chamas",13,"Bouches-du-Rhône",8643,0,517
84142,"Velleron",84,"Vaucluse",3084,0,340
7250,"Saint-Jeure-d'Ay",7,"Ardèche",499,0,76
57370,"Kœnigsmacker",57,"Moselle",2260,0,261
1401,"Sergy",1,"Ain",2218,0,382
61230,"Longny les Villages",61,"Orne",2878,0,56
39107,"Charcier",39,"Jura",147,0,36
11222,"Mas-Cabardès",11,"Aude",175,0,65
17028,"Aytré",17,"Charente-Maritime",9578,0,684
12149,"Montclar",12,"Aveyron",147,0,28
28198,"Jallans",28,"Eure-et-Loir",792,0,105
91228,"Évry-Courcouronnes",91,"Essonne",66177,0,2324
26379,"Granges-les-Beaumont",26,"Drôme",917,0,330
48177,"Saint-Pierre-le-Vieux",48,"Lozère",319,0,54
1257,"Montanges",1,"Ain",350,0,123
64276,"Issor",64,"Pyrénées-Atlantiques",239,0,89
60206,"Élincourt-Sainte-Marguerite",60,"Oise",898,0,186
68223,"Muhlbach-sur-Munster",68,"Haut-Rhin",806,0,75
50041,"La Hague",50,"Manche",11223,0,60
34081,"Colombiers",34,"Hérault",2668,0,136
21125,"Cérilly",21,"Côte-d'Or",216,0,54
70008,"Ainvelle",70,"Haute-Saône",148,0,87
74016,"Archamps",74,"Haute-Savoie",2542,0,283
58278,"Sermoise-sur-Loire",58,"Nièvre",1494,0,257
29249,"Saint-Goazec",29,"Finistère",721,0,45
51303,"Jâlons",51,"Marne",550,0,61
23136,"Mortroux",23,"Creuse",275,0,34
57066,"Berthelming",57,"Moselle",510,0,41
89013,"Appoigny",89,"Yonne",3170,0,318
67559,"Zittersheim",67,"Bas-Rhin",246,0,80
34341,"Villeveyrac",34,"Hérault",3934,0,166
5130,"Saint-Apollinaire",5,"Hautes-Alpes",201,0,48
43189,"Saint-Georges-Lagricol",43,"Haute-Loire",520,0,34
29063,"Goulien",29,"Finistère",434,0,72
72314,"Saint-Pierre-du-Lorouër",72,"Sarthe",370,0,44
73087,"Cognin",73,"Savoie",6520,0,744
86268,"Tercé",86,"Vienne",1134,0,82
81087,"Fayssac",81,"Tarn",365,0,130
40296,"Seignosse",40,"Landes",3900,0,172
85024,"Bois-de-Céné",85,"Vendée",2159,0,113
77396,"Rupéreux",77,"Seine-et-Marne",100,0,95
86076,"Cissé",86,"Vienne",2881,0,140
77492,"Verdelot",77,"Seine-et-Marne",634,0,74
27332,"Heudebouville",27,"Eure",798,0,333
61086,"Les Champeaux",61,"Orne",100,0,40
22092,"Kerpert",22,"Côtes-d'Armor",269,0,40
61256,"Médavy",61,"Orne",151,0,128
64147,"Briscous",64,"Pyrénées-Atlantiques",2876,0,100
21034,"Autricourt",21,"Côte-d'Or",134,0,9
85129,"Les Lucs-sur-Boulogne",85,"Vendée",3642,0,152
56036,"Caudan",56,"Morbihan",7074,0,266
86113,"Iteuil",86,"Vienne",2981,0,134
79164,"Maisonnay",79,"Deux-Sèvres",254,0,45
72042,"Bouloire",72,"Sarthe",2115,0,66
28177,"Gellainville",28,"Eure-et-Loir",760,0,472
59359,"Loon-Plage",59,"Nord",6039,0,163
47142,"Lauzun",47,"Lot-et-Garonne",735,0,38
67055,"Boofzheim",67,"Bas-Rhin",1384,0,148
13104,"Sausset-les-Pins",13,"Bouches-du-Rhône",7563,0,461
33206,"Isle-Saint-Georges",33,"Gironde",520,0,513
60461,"Nivillers",60,"Oise",205,0,395
24312,"Sanilhac",24,"Dordogne",4674,0,274
67137,"Fegersheim",67,"Bas-Rhin",5777,0,468
71550,"Uchizy",71,"Saône-et-Loire",815,0,67
67066,"La Broque",67,"Bas-Rhin",2595,0,83
42289,"Saint-Symphorien-de-Lay",42,"Loire",1949,0,98
61484,"Val-au-Perche",61,"Orne",3369,0,88
17262,"Nieul-lès-Saintes",17,"Charente-Maritime",1239,0,238
61043,"Berd'huis",61,"Orne",1094,0,98
54028,"Auboué",54,"Meurthe-et-Moselle",2652,0,317
4054,"Châteauredon",4,"Alpes-de-Haute-Provence",71,0,118
43067,"Chavaniac-Lafayette",43,"Haute-Loire",268,0,34
73280,"Saint-Sorlin-d'Arves",73,"Savoie",348,0,5
79226,"Le Retail",79,"Deux-Sèvres",274,0,34
64454,"Pontiacq-Viellepinte",64,"Pyrénées-Atlantiques",181,0,53
2152,"Cerseuil",2,"Aisne",87,0,53
40199,"Mouscardès",40,"Landes",269,0,79
41217,"Saint-Julien-de-Chédon",41,"Loir-et-Cher",763,0,70
25541,"Septfontaines",25,"Doubs",378,0,53
2380,"Hinacourt",2,"Aisne",27,0,54
81074,"Cunac",81,"Tarn",1618,0,416
48129,"Rocles",48,"Lozère",235,0,34
10417,"Villemoiron-en-Othe",10,"Aube",204,0,41
22340,"Tonquédec",22,"Côtes-d'Armor",1201,0,109
32442,"Terraube",32,"Gers",370,0,69
64167,"Carrère",64,"Pyrénées-Atlantiques",217,0,44
55426,"Resson",55,"Meuse",382,0,123
40226,"Pimbo",40,"Landes",201,0,41
51581,"Treslon",51,"Marne",261,0,83
85284,"Soullans",85,"Vendée",4416,0,254
38440,"Saint-Pierre-de-Bressieux",38,"Isère",770,0,55
77011,"Aufferville",77,"Seine-et-Marne",483,0,62
8142,"Donchery",8,"Ardennes",1989,0,220
10281,"Le Pavillon-Sainte-Julie",10,"Aube",282,0,38
54556,"Vého",54,"Meurthe-et-Moselle",110,0,45
19287,"Vitrac-sur-Montane",19,"Corrèze",255,0,52
35070,"Châteauneuf-d'Ille-et-Vilaine",35,"Ille-et-Vilaine",1693,0,127
49138,"Les Bois d'Anjou",49,"Maine-et-Loire",2543,0,79
5107,"Puy-Saint-André",5,"Hautes-Alpes",465,0,92
45262,"Rouvray-Sainte-Croix",45,"Loiret",138,0,30
19060,"Condat-sur-Ganaveix",19,"Corrèze",662,0,37
73257,"Les Belleville",73,"Savoie",3472,0,32
55508,"Thonne-la-Long",55,"Meuse",354,0,16
86247,"Val-de-Comporté",86,"Vienne",536,0,48
74260,"Savigny",74,"Haute-Savoie",1020,0,160
68352,"Volgelsheim",68,"Haut-Rhin",2702,0,97
10266,"Nogent-en-Othe",10,"Aube",45,0,23
15134,"Montsalvy",15,"Cantal",822,0,30
22356,"Trégomeur",22,"Côtes-d'Armor",948,0,240
68012,"Aspach-Michelbach",68,"Haut-Rhin",1760,0,251
1249,"Miribel",1,"Ain",10225,0,2062
78209,"Émancé",78,"Yvelines",891,0,148
59093,"Boulogne-sur-Helpe",59,"Nord",310,0,81
72088,"Congé-sur-Orne",72,"Sarthe",324,0,69
70002,"Aboncourt-Gesincourt",70,"Haute-Saône",214,0,44
24533,"Servanches",24,"Dordogne",78,0,34
1229,"Malafretaz",1,"Ain",1214,0,85
22241,"Plumieux",22,"Côtes-d'Armor",1025,0,56
62617,"Nœux-les-Mines",62,"Pas-de-Calais",11520,0,966
44155,"Saint-Colomban",44,"Loire-Atlantique",3485,0,104
25276,"Gondenans-Montby",25,"Doubs",166,0,41
85206,"Saint-Cyr-en-Talmondais",85,"Vendée",398,0,79
79034,"Bessines",79,"Deux-Sèvres",1828,0,403
13023,"Ceyreste",13,"Bouches-du-Rhône",4813,0,257
81068,"Combefa",81,"Tarn",182,0,126
61374,"Saint-Christophe-de-Chaulieu",61,"Orne",92,0,55
34171,"Montoulieu",34,"Hérault",176,0,36
51202,"Cumières",51,"Marne",745,0,252
73176,"Montvalezan",73,"Savoie",722,0,61
35235,"Rannée",35,"Ille-et-Vilaine",1061,0,74
91617,"Tigery",91,"Essonne",4318,0,826
2484,"Mézy-Moulins",2,"Aisne",543,0,109
17351,"Saint-Just-Luzac",17,"Charente-Maritime",2063,0,54
85191,"La Roche-sur-Yon",85,"Vendée",54952,0,376
51151,"Chichey",51,"Marne",171,0,41
56161,"Ploemel",56,"Morbihan",3056,0,255
1012,"Aranc",1,"Ain",327,0,58
7133,"Larnas",7,"Ardèche",261,0,41
25522,"Saint-Julien-lès-Russey",25,"Doubs",183,0,89
3172,"Mesples",3,"Allier",122,0,12
83041,"Claviers",83,"Var",719,0,92
52346,"Mussey-sur-Marne",52,"Haute-Marne",386,0,55
25529,"Sancey",25,"Doubs",1345,0,36
81221,"Rayssac",81,"Tarn",232,0,18
80693,"Sailly-Laurette",80,"Somme",331,0,122
51475,"Saint-Chéron",51,"Marne",63,0,18
27468,"Pont-Authou",27,"Eure",576,0,109
52120,"Chauffourt",52,"Haute-Marne",181,0,36
89445,"Vézannes",89,"Yonne",52,0,51
22148,"Mérillac",22,"Côtes-d'Armor",236,0,39
48111,"Pelouse",48,"Lozère",232,0,19
44054,"Erbray",44,"Loire-Atlantique",3058,0,111
72001,"Aigné",72,"Sarthe",1687,0,233
56186,"Quiberon",56,"Morbihan",4688,0,37
57745,"Wiesviller",57,"Moselle",911,0,206
74089,"Cordon",74,"Haute-Savoie",977,0,175
36233,"La Vernelle",36,"Indre",780,0,86
1207,"Lapeyrouse",1,"Ain",326,0,81
57305,"Havange",57,"Moselle",451,0,442
76263,"La Feuillie",76,"Seine-Maritime",1262,0,45
63197,"Lisseuil",63,"Puy-de-Dôme",114,0,36
56188,"Quistinic",56,"Morbihan",1421,0,61
62039,"Arleux-en-Gohelle",62,"Pas-de-Calais",909,0,390
74275,"Talloires-Montmin",74,"Haute-Savoie",1926,0,137
50496,"Saint-Jean-le-Thomas",50,"Manche",389,0,62
38179,"Gières",38,"Isère",7161,0,689
12083,"Cransac",12,"Aveyron",1469,0,67
88303,"Midrevaux",88,"Vosges",182,0,64
22383,"Troguéry",22,"Côtes-d'Armor",211,0,105
33115,"Cazalis",33,"Gironde",242,0,9
49021,"Beaufort-en-Anjou",49,"Maine-et-Loire",6994,0,164
21191,"Corcelles-lès-Cîteaux",21,"Côte-d'Or",829,0,101
10259,"La Motte-Tilly",10,"Aube",365,0,83
62393,"Guemps",62,"Pas-de-Calais",1116,0,553
70529,"Velet",70,"Haute-Saône",377,0,83
26054,"Bouchet",26,"Drôme",1459,0,78
16036,"Bécheresse",16,"Charente",292,0,81
7277,"Saint-Michel-de-Boulogne",7,"Ardèche",147,0,69
49257,"Les Rairies",49,"Maine-et-Loire",1038,0,45
2091,"Blanzy-lès-Fismes",2,"Aisne",92,0,75
57533,"Pange",57,"Moselle",873,0,125
21382,"Marcilly-Ogny",21,"Côte-d'Or",187,0,14
7027,"Beauchastel",7,"Ardèche",1838,0,286
27524,"Sainte-Colombe-la-Commanderie",27,"Eure",866,0,84
77113,"Chevru",77,"Seine-et-Marne",1047,0,95
14174,"Condé-en-Normandie",14,"Calvados",6157,0,90
29213,"Plouzévédé",29,"Finistère",1815,0,146
89304,"Poilly-sur-Tholon",89,"Yonne",672,0,72
21472,"Orville",21,"Côte-d'Or",173,0,55
40137,"Lacquy",40,"Landes",287,0,57
26335,"Salles-sous-Bois",26,"Drôme",208,0,44
41150,"Mont-près-Chambord",41,"Loir-et-Cher",3333,0,168
49352,"Toutlemonde",49,"Maine-et-Loire",1320,0,109
88012,"Archettes",88,"Vosges",1107,0,275
8120,"Chevières",8,"Ardennes",45,0,9
12082,"La Couvertoirade",12,"Aveyron",189,0,7
7058,"Chassiers",7,"Ardèche",1006,0,127
79132,"Genneton",79,"Deux-Sèvres",309,0,40
16146,"Garat",16,"Charente",2118,0,238
49048,"Briollay",49,"Maine-et-Loire",3151,0,150
46318,"Thémines",46,"Lot",242,0,56
24317,"Paulin",24,"Dordogne",248,0,20
82038,"Caylus",82,"Tarn-et-Garonne",1470,0,30
45323,"Thou",45,"Loiret",216,0,47
77251,"Lieusaint",77,"Seine-et-Marne",13808,0,825
69132,"Meys",69,"Rhône",850,0,161
25101,"Burgille",25,"Doubs",573,0,86
63334,"Saint-Dier-d'Auvergne",63,"Puy-de-Dôme",546,0,47
36180,"Saint-Août",36,"Indre",816,0,27
40303,"Solférino",40,"Landes",348,0,28
50453,"Sainte-Cécile",50,"Manche",785,0,75
85250,"Saint-Mathurin",85,"Vendée",2390,0,346
14273,"La Folletière-Abenon",14,"Calvados",140,0,44
60121,"Campagne",60,"Oise",159,0,151
16098,"La Chèvrerie",16,"Charente",138,0,63
1065,"Buellas",1,"Ain",1851,0,341
59421,"Mouvaux",59,"Nord",13173,0,2884
60336,"Lachaussée-du-Bois-d'Écu",60,"Oise",187,0,56
19100,"Lagraulière",19,"Corrèze",1158,0,50
44222,"La Roche-Blanche",44,"Loire-Atlantique",1245,0,172
2449,"Macogny",2,"Aisne",63,0,54
89005,"Ancy-le-Franc",89,"Yonne",839,0,29
39099,"Champdivers",39,"Jura",445,0,97
43060,"Charraix",43,"Haute-Loire",67,0,42
66223,"Villefranche-de-Conflent",66,"Pyrénées-Orientales",207,0,75
14410,"Méry-Bissières-en-Auge",14,"Calvados",1080,0,138
28278,"Nogent-le-Phaye",28,"Eure-et-Loir",1474,0,117
46303,"Sénaillac-Lauzès",46,"Lot",139,0,15
67302,"Monswiller",67,"Bas-Rhin",1994,0,220
33186,"Gensac",33,"Gironde",688,0,84
58249,"Saint-Léger-de-Fougeret",58,"Nièvre",348,0,35
32117,"Duran",32,"Gers",853,0,162
21521,"Remilly-sur-Tille",21,"Côte-d'Or",929,0,183
38337,"Rives",38,"Isère",6622,0,242
57216,"Fleisheim",57,"Moselle",140,0,123
64481,"Saint-Goin",64,"Pyrénées-Atlantiques",230,0,51
89297,"Pierre-Perthuis",89,"Yonne",105,0,19
64231,"Garindein",64,"Pyrénées-Atlantiques",472,0,40
50538,"Saint-Pierre-de-Semilly",50,"Manche",437,0,187
71566,"Verdun-sur-le-Doubs",71,"Saône-et-Loire",960,0,57
64335,"Lescar",64,"Pyrénées-Atlantiques",9524,0,329
89116,"Cornant",89,"Yonne",360,0,81
49003,"Tuffalun",49,"Maine-et-Loire",1743,0,98
46271,"Saint-Jean-Lespinasse",46,"Lot",407,0,83
79351,"Villiers-en-Plaine",79,"Deux-Sèvres",1793,0,91
23087,"Fresselines",23,"Creuse",493,0,31
87172,"Saint-Ouen-sur-Gartempe",87,"Haute-Vienne",215,0,56
31311,"La Magdelaine-sur-Tarn",31,"Haute-Garonne",1199,0,167
24516,"Salignac-Eyvigues",24,"Dordogne",1185,0,50
74162,"Marcellaz",74,"Haute-Savoie",1058,0,347
33011,"Arès",33,"Gironde",6441,0,203
59501,"Rieulay",59,"Nord",1243,0,592
25300,"Guyans-Durnes",25,"Doubs",310,0,102
21636,"Thury",21,"Côte-d'Or",254,0,31
57203,"Évrange",57,"Moselle",220,0,98
17471,"La Villedieu",17,"Charente-Maritime",205,0,26
72155,"Laigné-en-Belin",72,"Sarthe",2283,0,126
64189,"Ciboure",64,"Pyrénées-Atlantiques",6033,0,392
74006,"Allonzier-la-Caille",74,"Haute-Savoie",2176,0,165
38345,"Rovon",38,"Isère",623,0,101
50260,"Juvigny les Vallées",50,"Manche",1681,0,66
45293,"Saint-Maurice-sur-Fessard",45,"Loiret",1148,0,266
11260,"Mouthoumet",11,"Aude",112,0,8
89253,"Merry-sur-Yonne",89,"Yonne",191,0,23
62780,"Sauchy-Cauchy",62,"Pas-de-Calais",372,0,158
58245,"Saint-Hilaire-Fontaine",58,"Nièvre",164,0,30
76092,"Beuzevillette",76,"Seine-Maritime",617,0,273
48017,"Banassac-Canilhac",48,"Lozère",1072,0,40
30238,"Saint-Bresson",30,"Gard",68,0,83
84042,"Cucuron",84,"Vaucluse",1814,0,52
27556,"Saint-Laurent-du-Tencement",27,"Eure",66,0,35
63416,"Savennes",63,"Puy-de-Dôme",94,0,27
36137,"Néons-sur-Creuse",36,"Indre",359,0,32
33547,"Villandraut",33,"Gironde",1131,0,33
31135,"Cazères",31,"Haute-Garonne",4781,0,97
95141,"Charmont",95,"Val-d'Oise",35,0,90
57716,"Vigy",57,"Moselle",1607,0,104
29106,"Landrévarzec",29,"Finistère",1861,0,49
55543,"Velaines",55,"Meuse",903,0,49
2019,"Annois",2,"Aisne",355,0,88
7059,"Châteaubourg",7,"Ardèche",232,0,724
42227,"Saint-Georges-en-Couzan",42,"Loire",400,0,40
87032,"Châlus",87,"Haute-Vienne",1659,0,46
70445,"Rignovelle",70,"Haute-Saône",118,0,109
36159,"Le Poinçonnet",36,"Indre",5840,0,317
60592,"Saint-Pierre-es-Champs",60,"Oise",688,0,100
41063,"Couffy",41,"Loir-et-Cher",496,0,66
22266,"Rostrenen",22,"Côtes-d'Armor",3207,0,54
86160,"Mirebeau",86,"Vienne",2141,0,57
77139,"Courtry",77,"Seine-et-Marne",6885,0,2130
44057,"Fégréac",44,"Loire-Atlantique",2283,0,52
38181,"Goncelin",38,"Isère",2507,0,165
22016,"Île-de-Bréhat",22,"Côtes-d'Armor",402,0,80
30044,"Bonnevaux",30,"Gard",80,0,43
46270,"Saint-Jean-de-Laur",46,"Lot",243,0,33
24487,"Saint-Pierre-d'Eyraud",24,"Dordogne",1808,0,126
10044,"Bétignicourt",10,"Aube",32,0,18
63050,"Brassac-les-Mines",63,"Puy-de-Dôme",3376,0,126
61105,"Chemilli",61,"Orne",176,0,80
36043,"Chassignolles",36,"Indre",547,0,27
33204,"Hure",33,"Gironde",559,0,113
33199,"Gujan-Mestras",33,"Gironde",22399,0,373
82091,"Lamothe-Cumont",82,"Tarn-et-Garonne",126,0,51
84013,"Beaumettes",84,"Vaucluse",303,0,105
25288,"Fournets-Luisans",25,"Doubs",735,0,100
55410,"Quincy-Landzécourt",55,"Meuse",131,0,40
32448,"Touget",32,"Gers",507,0,60
88327,"Nomexy",88,"Vosges",1951,0,154
28275,"Néron",28,"Eure-et-Loir",669,0,130
76498,"Le Petit-Quevilly",76,"Seine-Maritime",21782,0,1794
28294,"Oysonville",28,"Eure-et-Loir",520,0,56
82017,"Bessens",82,"Tarn-et-Garonne",1478,0,131
14494,"Périers-en-Auge",14,"Calvados",122,0,112
58011,"Armes",58,"Nièvre",277,0,39
83067,"Gonfaron",83,"Var",4342,0,187
60173,"Cramoisy",60,"Oise",807,0,610
81325,"Viviers-lès-Montagnes",81,"Tarn",1984,0,92
7151,"Mars",7,"Ardèche",251,0,41
40301,"Siest",40,"Landes",138,0,113
66118,"Montner",66,"Pyrénées-Orientales",331,0,99
39227,"Foncine-le-Bas",39,"Jura",198,0,51
54444,"Raucourt",54,"Meurthe-et-Moselle",230,0,62
30227,"Saint-Ambroix",30,"Gard",3361,0,139
17297,"Rivedoux-Plage",17,"Charente-Maritime",2374,0,87
35307,"Saint-Pern",35,"Ille-et-Vilaine",1039,0,70
34344,"La Grande-Motte",34,"Hérault",8573,0,256
22261,"Quintenic",22,"Côtes-d'Armor",363,0,43
83042,"Cogolin",83,"Var",11762,0,192
5136,"Saint-Crépin",5,"Hautes-Alpes",724,0,30
55031,"Baudonvilliers",55,"Meuse",376,0,74
87125,"Rilhac-Rancon",87,"Haute-Vienne",4694,0,152
30222,"La Roque-sur-Cèze",30,"Gard",177,0,147
47028,"Birac-sur-Trec",47,"Lot-et-Garonne",851,0,163
80320,"Folies",80,"Somme",157,0,62
63200,"Lussat",63,"Puy-de-Dôme",939,0,221
54144,"Crévéchamps",54,"Meurthe-et-Moselle",365,0,67
79235,"Saint-Amand-sur-Sèvre",79,"Deux-Sèvres",1415,0,124
34197,"Péret",34,"Hérault",1100,0,113
12161,"Mouret",12,"Aveyron",551,0,52
45204,"Mézières-lez-Cléry",45,"Loiret",852,0,239
6008,"Auvare",6,"Alpes-Maritimes",44,0,18
17333,"Saint-Georges-de-Didonne",17,"Charente-Maritime",5170,0,203
80349,"Fransures",80,"Somme",129,0,93
64255,"Halsou",64,"Pyrénées-Atlantiques",621,0,96
69022,"Bibost",69,"Rhône",542,0,222
41186,"Rahart",41,"Loir-et-Cher",298,0,152
65363,"Pinas",65,"Hautes-Pyrénées",450,0,104
49010,"Armaillé",49,"Maine-et-Loire",317,0,58
59467,"Pont-sur-Sambre",59,"Nord",2410,0,217
57262,"Grostenquin",57,"Moselle",635,0,71
29230,"Querrien",29,"Finistère",1655,0,26
18020,"Bannay",18,"Cher",843,0,120
54497,"Saxon-Sion",54,"Meurthe-et-Moselle",87,0,45
17193,"La Jarne",17,"Charente-Maritime",2591,0,165
88388,"Renauvoid",88,"Vosges",120,0,117
83045,"Correns",83,"Var",897,0,61
35288,"Saint-Malo",35,"Ille-et-Vilaine",47323,0,460
32198,"Lartigue",32,"Gers",198,0,33
68139,"Hirtzbach",68,"Haut-Rhin",1458,0,191
16138,"Fléac",16,"Charente",3842,0,462
18048,"La Chapelle-Hugon",18,"Cher",383,0,42
63123,"Cournols",63,"Puy-de-Dôme",232,0,51
19281,"Veix",19,"Corrèze",71,0,20
28214,"La Loupe",28,"Eure-et-Loir",3268,0,88
57621,"Saint-Médard",57,"Moselle",107,0,45
2791,"Veslud",2,"Aisne",265,0,206
4090,"Le Fugeret",4,"Alpes-de-Haute-Provence",205,0,10
4049,"Château-Arnoux-Saint-Auban",4,"Alpes-de-Haute-Provence",5082,0,81
86036,"Bournand",86,"Vienne",907,0,73
52472,"Sexfontaines",52,"Haute-Marne",144,0,32
8417,"Sévigny-la-Forêt",8,"Ardennes",277,0,67
95353,"Maffliers",95,"Val-d'Oise",1806,0,745
35127,"Guignen",35,"Ille-et-Vilaine",4081,0,155
29263,"Saint-Ségal",29,"Finistère",1140,0,109
71393,"Saint-Bonnet-de-Cray",71,"Saône-et-Loire",503,0,118
51012,"Anthenay",51,"Marne",71,0,41
73027,"Ayn",73,"Savoie",387,0,114
24077,"Campsegret",24,"Dordogne",390,0,55
24311,"Nontron",24,"Dordogne",3041,0,37
9308,"Taurignan-Vieux",9,"Ariège",208,0,76
21207,"Courlon",21,"Côte-d'Or",74,0,10
29038,"Commana",29,"Finistère",995,0,47
39529,"Thésy",39,"Jura",65,0,37
81186,"Moularès",81,"Tarn",254,0,33
74257,"Sallenôves",74,"Haute-Savoie",820,0,120
41084,"La Ferté-Imbault",41,"Loir-et-Cher",954,0,43
25082,"Bourguignon",25,"Doubs",884,0,205
53075,"Cosmes",53,"Mayenne",290,0,85
82128,"Montfermier",82,"Tarn-et-Garonne",108,0,39
85141,"Menomblet",85,"Vendée",679,0,104
33148,"Dardenac",33,"Gironde",91,0,97
1115,"Confrançon",1,"Ain",1348,0,63
37173,"Nouans-les-Fontaines",37,"Indre-et-Loire",692,0,29
80711,"Saint-Ouen",80,"Somme",1781,0,97
45009,"Aschères-le-Marché",45,"Loiret",1142,0,28
17328,"Saint-Fort-sur-Gironde",17,"Charente-Maritime",903,0,37
40063,"Candresse",40,"Landes",850,0,292
49353,"Trélazé",49,"Maine-et-Loire",15358,0,1149
29286,"Tréflévénez",29,"Finistère",241,0,57
62536,"Magnicourt-en-Comte",62,"Pas-de-Calais",637,0,134
43049,"Chamalières-sur-Loire",43,"Haute-Loire",507,0,55
29211,"Plouyé",29,"Finistère",652,0,52
42255,"Saint-Marcel-d'Urfé",42,"Loire",274,0,40
24418,"Saint-Germain-du-Salembre",24,"Dordogne",920,0,70
70283,"Haut-du-Them-Château-Lambert",70,"Haute-Saône",445,0,63
81149,"Loupiac",81,"Tarn",439,0,106
37123,"Langeais",37,"Indre-et-Loire",4335,0,78
31203,"Frouzins",31,"Haute-Garonne",9457,0,645
54239,"Griscourt",54,"Meurthe-et-Moselle",139,0,199
33465,"Saint-Pierre-de-Mons",33,"Gironde",1236,0,181
18236,"Saint-Symphorien",18,"Cher",133,0,32
79116,"Faye-l'Abbesse",79,"Deux-Sèvres",1117,0,29
39543,"Vannoz",39,"Jura",219,0,88
78486,"Le Perray-en-Yvelines",78,"Yvelines",6543,0,264
33511,"Sendets",33,"Gironde",344,0,62
58047,"Cervon",58,"Nièvre",616,0,31
33386,"Saint-Cibard",33,"Gironde",192,0,111
42120,"Lentigny",42,"Loire",1794,0,152
18268,"Uzay-le-Venon",18,"Cher",406,0,16
2712,"Sergy",2,"Aisne",139,0,37
18148,"Méreau",18,"Cher",2644,0,190
33449,"Saint-Médard-en-Jalles",33,"Gironde",32538,0,328
26173,"Marches",26,"Drôme",869,0,181
25446,"Passavant",25,"Doubs",189,0,53
89460,"Villeneuve-la-Guyard",89,"Yonne",3464,0,104
76689,"Thiétreville",76,"Seine-Maritime",373,0,219
2338,"Froidmont-Cohartille",2,"Aisne",248,0,54
46084,"Creysse",46,"Lot",310,0,38
8222,"Haybes",8,"Ardennes",1819,0,63
86073,"Cherves",86,"Vienne",521,0,49
7056,"Charnas",7,"Ardèche",907,0,219
34172,"Montpellier",34,"Hérault",302454,1,2181
24496,"Saint-Romain-et-Saint-Clément",24,"Dordogne",328,0,38
84004,"Aubignan",84,"Vaucluse",5894,0,360
61322,"Parfondeval",61,"Orne",107,0,52
30093,"Conqueyrac",30,"Gard",108,0,55
68281,"Roggenhouse",68,"Haut-Rhin",461,0,152
63470,"Volvic",63,"Puy-de-Dôme",4740,0,271
44149,"Saffré",44,"Loire-Atlantique",4036,0,164
25232,"Faimbe",25,"Doubs",98,0,108
51103,"La Celle-sous-Chantemerle",51,"Marne",138,0,29
33248,"Listrac-Médoc",33,"Gironde",2796,0,117
80272,"Épénancourt",80,"Somme",124,0,91
72072,"Château-l'Hermitage",72,"Sarthe",254,0,70
7088,"Faugères",7,"Ardèche",104,0,48
7169,"Ozon",7,"Ardèche",383,0,134
1336,"Saint-André-sur-Vieux-Jonc",1,"Ain",1211,0,80
53043,"Brée",53,"Mayenne",573,0,82
8397,"Saint-Remy-le-Petit",8,"Ardennes",55,0,76
61087,"Champeaux-sur-Sarthe",61,"Orne",161,0,45
21054,"Beaune",21,"Côte-d'Or",20032,0,176
86107,"Gouex",86,"Vienne",467,0,42
42105,"Grézieux-le-Fromental",42,"Loire",253,0,213
22035,"Les Champs-Géraux",22,"Côtes-d'Armor",1047,0,265
53099,"Forcé",53,"Mayenne",1092,0,384
17155,"Étaules",17,"Charente-Maritime",2717,0,125
15144,"Omps",15,"Cantal",323,0,29
21531,"Rouvray",21,"Côte-d'Or",497,0,27
21036,"Auxant",21,"Côte-d'Or",81,0,23
26108,"Crest",26,"Drôme",8756,0,121
23257,"Vallière",23,"Creuse",714,0,11
87185,"Saint-Victurnien",87,"Haute-Vienne",1766,0,112
19082,"Favars",19,"Corrèze",1122,0,68
42005,"Andrézieux-Bouthéon",42,"Loire",10187,0,347
26133,"Fay-le-Clos",26,"Drôme",177,0,141
13070,"La Penne-sur-Huveaune",13,"Bouches-du-Rhône",6569,0,479
35347,"Val-d'Izé",35,"Ille-et-Vilaine",2591,0,73
16114,"Couture",16,"Charente",168,0,33
38266,"La Motte-Saint-Martin",38,"Isère",453,0,91
40259,"Saint-Gein",40,"Landes",428,0,32
48032,"Le Buisson",48,"Lozère",221,0,31
79157,"Louzy",79,"Deux-Sèvres",1294,0,142
13097,"Saint-Martin-de-Crau",13,"Bouches-du-Rhône",13729,0,74
11219,"Marsa",11,"Aude",21,0,24
29233,"Quimperlé",29,"Finistère",12313,0,236
38129,"Corrençon-en-Vercors",38,"Isère",366,0,48
17063,"Breuil-la-Réorte",17,"Charente-Maritime",466,0,76
33491,"Saint-Vivien-de-Monségur",33,"Gironde",398,0,67
70122,"Champlitte",70,"Haute-Saône",1618,0,15
39086,"Cernon",39,"Jura",233,0,38
70413,"Plancher-Bas",70,"Haute-Saône",1863,0,110
3002,"Agonges",3,"Allier",305,0,38
73180,"Motz",73,"Savoie",451,0,60
13110,"Trets",13,"Bouches-du-Rhône",10678,0,143
68092,"Fislis",68,"Haut-Rhin",392,0,116
21584,"Saulieu",21,"Côte-d'Or",2324,0,19
83054,"La Farlède",83,"Var",9658,0,746
1446,"Villeneuve",1,"Ain",1569,0,153
78050,"Bazoches-sur-Guyonne",78,"Yvelines",674,0,609
43055,"Chaniat",43,"Haute-Loire",162,0,69
11417,"Villarzel-du-Razès",11,"Aude",97,0,41
87025,"Burgnac",87,"Haute-Vienne",856,0,195
15185,"Saint-Étienne-de-Chomeil",15,"Cantal",249,0,29
71325,"La Motte-Saint-Jean",71,"Saône-et-Loire",1203,0,72
27436,"Nogent-le-Sec",27,"Eure",435,0,102
8162,"Fagnon",8,"Ardennes",344,0,356
35342,"Trémeheuc",35,"Ille-et-Vilaine",348,0,88
15192,"Saint-Jacques-des-Blats",15,"Cantal",292,0,13
31276,"Larroque",31,"Haute-Garonne",291,0,29
17106,"Cierzac",17,"Charente-Maritime",318,0,63
36079,"Francillon",36,"Indre",76,0,33
24188,"Fossemagne",24,"Dordogne",548,0,33
88438,"La Salle",88,"Vosges",394,0,47
11353,"Saint-Marcel-sur-Aude",11,"Aude",2027,0,143
39088,"Cesancey",39,"Jura",390,0,196
35089,"La Couyère",35,"Ille-et-Vilaine",446,0,94
28360,"Saint-Sauveur-Marville",28,"Eure-et-Loir",925,0,37
7034,"Bidon",7,"Ardèche",259,0,67
14755,"Villerville",14,"Calvados",591,0,140
87142,"Saint-Denis-des-Murs",87,"Haute-Vienne",544,0,59
15104,"Leynhac",15,"Cantal",333,0,36
77408,"Saint-Fiacre",77,"Seine-et-Marne",458,0,523
63134,"Dauzat-sur-Vodable",63,"Puy-de-Dôme",67,0,21
9161,"Léran",9,"Ariège",617,0,87
37089,"Cravant-les-Côteaux",37,"Indre-et-Loire",661,0,34
89256,"Migé",89,"Yonne",401,0,66
50511,"Saint-Martin-d'Audouville",50,"Manche",145,0,45
62259,"Croisilles",62,"Pas-de-Calais",1942,0,109
17093,"Le Château-d'Oléron",17,"Charente-Maritime",4319,0,107
8145,"Douzy",8,"Ardennes",2166,0,80
69160,"Poule-les-Écharmeaux",69,"Rhône",1036,0,56
45187,"Lorris",45,"Loiret",2997,0,60
28175,"La Gaudaine",28,"Eure-et-Loir",178,0,35
17074,"Bussac-Forêt",17,"Charente-Maritime",1085,0,58
61263,"Ménil-Erreux",61,"Orne",198,0,56
46050,"Cambayrac",46,"Lot",136,0,61
1329,"Rossillon",1,"Ain",160,0,38
38132,"Les Côtes-de-Corps",38,"Isère",74,0,17
64157,"Buzy",64,"Pyrénées-Atlantiques",997,0,56
13083,"Rognonas",13,"Bouches-du-Rhône",4111,0,880
56172,"Plumelec",56,"Morbihan",2714,0,35
24352,"Ribérac",24,"Dordogne",3828,0,53
28103,"Cloyes-les-Trois-Rivières",28,"Eure-et-Loir",5609,0,55
62565,"Mencas",62,"Pas-de-Calais",74,0,64
35184,"Montauban-de-Bretagne",35,"Ille-et-Vilaine",6410,0,118
50269,"Liesville-sur-Douve",50,"Manche",211,0,111
36084,"Gournay",36,"Indre",282,0,27
29126,"Loc-Brévalaire",29,"Finistère",211,0,150
37172,"Notre-Dame-d'Oé",37,"Indre-et-Loire",4191,0,1009
61062,"Brieux",61,"Orne",90,0,39
60438,"Moulin-sous-Touvent",60,"Oise",191,0,99
52483,"Soyers",52,"Haute-Marne",69,0,28
79069,"Chanteloup",79,"Deux-Sèvres",992,0,72
3297,"Vallon-en-Sully",3,"Allier",1491,0,27
70396,"Oricourt",70,"Haute-Saône",38,0,58
77248,"Lesches",77,"Seine-et-Marne",772,0,650
23237,"Saint-Priest-Palus",23,"Creuse",55,0,29
28364,"Sancheville",28,"Eure-et-Loir",745,0,22
64291,"Labastide-Villefranche",64,"Pyrénées-Atlantiques",320,0,58
32095,"Caussens",32,"Gers",584,0,49
44201,"Sucé-sur-Erdre",44,"Loire-Atlantique",7366,0,433
54151,"Cutry",54,"Meurthe-et-Moselle",1053,0,337
63001,"Aigueperse",63,"Puy-de-Dôme",2736,0,115
85268,"Saint-Révérend",85,"Vendée",1496,0,197
77238,"Jouarre",77,"Seine-et-Marne",4304,0,173
44184,"Saint-Nazaire",44,"Loire-Atlantique",72057,0,535
59128,"Capinghem",59,"Nord",2474,0,2388
76651,"Saint-Sylvain",76,"Seine-Maritime",138,0,73
2558,"Le Nouvion-en-Thiérache",2,"Aisne",2505,0,67
21162,"Chaux",21,"Côte-d'Or",484,0,78
82037,"Caussade",82,"Tarn-et-Garonne",6804,0,93
40021,"Azur",40,"Landes",942,0,96
59442,"Obrechies",59,"Nord",273,0,287
41029,"Candé-sur-Beuvron",41,"Loir-et-Cher",1510,0,88
69122,"Lucenay",69,"Rhône",2051,0,690
18180,"Plaimpied-Givaudins",18,"Cher",2108,0,404
64131,"Biron",64,"Pyrénées-Atlantiques",611,0,106
54223,"Germiny",54,"Meurthe-et-Moselle",198,0,65
26106,"La Coucourde",26,"Drôme",1188,0,97
89324,"Rogny-les-Sept-Écluses",89,"Yonne",685,0,34
64246,"Gomer",64,"Pyrénées-Atlantiques",301,0,127
36045,"Châtillon-sur-Indre",36,"Indre",2304,0,24
2368,"Haramont",2,"Aisne",560,0,109
65240,"Labatut-Rivière",65,"Hautes-Pyrénées",377,0,52
14460,"Moyaux",14,"Calvados",1356,0,61
86192,"Plaisance",86,"Vienne",176,0,27
18028,"Berry-Bouy",18,"Cher",1168,0,144
45096,"Les Choux",45,"Loiret",530,0,98
13093,"Saint-Estève-Janson",13,"Bouches-du-Rhône",372,0,132
23061,"Chénérailles",23,"Creuse",744,0,30
38037,"Bellegarde-Poussieu",38,"Isère",1021,0,70
51292,"Herpont",51,"Marne",121,0,12
56028,"Caden",56,"Morbihan",1579,0,53
29120,"Lanvéoc",29,"Finistère",1955,0,63
82195,"Villemade",82,"Tarn-et-Garonne",810,0,445
26198,"Montélimar",26,"Drôme",40399,0,315
25116,"Champlive",25,"Doubs",246,0,63
26361,"Valdrôme",26,"Drôme",134,0,5
24384,"Saint-Cassien",24,"Dordogne",34,0,27
9331,"Le Vernet",9,"Ariège",704,0,138
89179,"Fontenoy",89,"Yonne",295,0,32
33070,"Brach",33,"Gironde",849,0,33
95120,"Butry-sur-Oise",95,"Val-d'Oise",2254,0,1369
55457,"Saint-Hilaire-en-Woëvre",55,"Meuse",183,0,32
86276,"Usson-du-Poitou",86,"Vienne",1236,0,22
24449,"Saint-Martial-d'Artenset",24,"Dordogne",943,0,73
64485,"Saint-Jean-Pied-de-Port",64,"Pyrénées-Atlantiques",1499,0,54
83004,"Les Arcs",83,"Var",7580,0,210
18290,"Vouzeron",18,"Cher",587,0,30
63326,"Saint-Bonnet-près-Orcival",63,"Puy-de-Dôme",541,0,41
41091,"Fossé",41,"Loir-et-Cher",1287,0,363
30023,"Aujargues",30,"Gard",779,0,181
88478,"Tranqueville-Graux",88,"Vosges",96,0,28
77029,"Beauvoir",77,"Seine-et-Marne",183,0,157
10288,"Plaines-Saint-Lange",10,"Aube",263,0,32
57103,"Bousseviller",57,"Moselle",118,0,51
57049,"Le Ban-Saint-Martin",57,"Moselle",4617,0,1084
23154,"Pionnat",23,"Creuse",722,0,38
71555,"Varennes-le-Grand",71,"Saône-et-Loire",2321,0,90
63246,"Murat-le-Quaire",63,"Puy-de-Dôme",487,0,36
9044,"Baulou",9,"Ariège",167,0,106
59626,"Villers-Pol",59,"Nord",1262,0,183
39430,"Plumont",39,"Jura",105,0,61
42170,"Perreux",42,"Loire",2099,0,318
85293,"Tiffauges",85,"Vendée",1568,0,109
71486,"Saint-Vallier",71,"Saône-et-Loire",8503,0,221
48055,"Cultures",48,"Lozère",193,0,98
78528,"Rolleboise",78,"Yvelines",356,0,440
7335,"Vaudevant",7,"Ardèche",213,0,24
24544,"Tamniès",24,"Dordogne",399,0,104
16204,"Bellevigne",16,"Charente",1278,0,85
29221,"Porspoder",29,"Finistère",1758,0,109
30341,"Vauvert",30,"Gard",11774,0,190
45175,"Jouy-le-Potier",45,"Loiret",1567,0,71
28013,"Aunay-sous-Auneau",28,"Eure-et-Loir",1537,0,106
57162,"Cuvry",57,"Moselle",987,0,181
38393,"Saint-Hilaire-de-la-Côte",38,"Isère",1595,0,113
17465,"La Vergne",17,"Charente-Maritime",605,0,76
9084,"Castex",9,"Ariège",95,0,52
85153,"Mouchamps",85,"Vendée",2957,0,188
35024,"Betton",35,"Ille-et-Vilaine",12695,0,316
28304,"Prasville",28,"Eure-et-Loir",444,0,50
14003,"Agy",14,"Calvados",313,0,83
76285,"Fresne-le-Plan",76,"Seine-Maritime",554,0,129
36209,"Saint-Valentin",36,"Indre",261,0,15
64152,"Buros",64,"Pyrénées-Atlantiques",1964,0,597
15215,"Saint-Simon",15,"Cantal",1126,0,57
71076,"Chalon-sur-Saône",71,"Saône-et-Loire",45031,0,444
23145,"Nouhant",23,"Creuse",289,0,22
88488,"Valfroicourt",88,"Vosges",230,0,19
27065,"Beuzeville",27,"Eure",4689,0,113
72060,"La Chapelle-aux-Choux",72,"Sarthe",276,0,47
80384,"Grandcourt",80,"Somme",177,0,99
56014,"Berné",56,"Morbihan",1562,0,77
41284,"Villeneuve-Frouville",41,"Loir-et-Cher",67,0,40
17426,"Le Seure",17,"Charente-Maritime",267,0,60
59108,"Briastre",59,"Nord",713,0,184
46070,"Cieurac",46,"Lot",619,0,46
57569,"Rémeling",57,"Moselle",334,0,47
59119,"Buysscheure",59,"Nord",590,0,230
65191,"Gazost",65,"Hautes-Pyrénées",125,0,68
54155,"Deuxville",54,"Meurthe-et-Moselle",395,0,272
72275,"Saint-Corneille",72,"Sarthe",1518,0,126
83090,"Ollioules",83,"Var",14011,0,1768
31163,"Drémil-Lafage",31,"Haute-Garonne",2638,0,344
12130,"Livinhac-le-Haut",12,"Aveyron",1112,0,82
51454,"Reims",51,"Marne",179380,1,1208
45257,"Pressigny-les-Pins",45,"Loiret",520,0,57
22242,"Plurien",22,"Côtes-d'Armor",1528,0,92
17185,"Le Gua",17,"Charente-Maritime",2100,0,112
80270,"Épécamps",80,"Somme",6,0,30
70511,"Vaite",70,"Haute-Saône",235,0,25
76356,"Hermanville",76,"Seine-Maritime",116,0,120
33214,"Lacanau",33,"Gironde",5031,0,27
81075,"Cuq",81,"Tarn",495,0,52
42221,"Sainte-Foy-Saint-Sulpice",42,"Loire",548,0,66
31034,"Auzas",31,"Haute-Garonne",225,0,72
1447,"Villereversure",1,"Ain",1353,0,97
49076,"La Chapelle-Saint-Laud",49,"Maine-et-Loire",801,0,63
14309,"Gouvix",14,"Calvados",831,0,78
50155,"Crollon",50,"Manche",297,0,84
44165,"Saint-Hilaire-de-Clisson",44,"Loire-Atlantique",2378,0,237
72070,"Chassillé",72,"Sarthe",250,0,55
24042,"Biras",24,"Dordogne",700,0,86
24388,"Saint-Chamassy",24,"Dordogne",493,0,62
87203,"Vicq-sur-Breuilh",87,"Haute-Vienne",1327,0,47
16011,"Anais",16,"Charente",560,0,108
44009,"Basse-Goulaine",44,"Loire-Atlantique",9555,0,610
68344,"Urbès",68,"Haut-Rhin",438,0,89
50591,"Le Teilleul",50,"Manche",1677,0,38
86148,"Marnay",86,"Vienne",714,0,48
27632,"Le Thil",27,"Eure",601,0,94
26212,"Montvendre",26,"Drôme",1255,0,148
16025,"Baignes-Sainte-Radegonde",16,"Charente",1229,0,51
62011,"Agnez-lès-Duisans",62,"Pas-de-Calais",648,0,440
80836,"Yonval",80,"Somme",233,0,180
56009,"Bangor",56,"Morbihan",1010,0,29
30107,"Estézargues",30,"Gard",605,0,131
84017,"Bédoin",84,"Vaucluse",3086,0,35
76588,"Saint-Hellier",76,"Seine-Maritime",507,0,83
64444,"Pardies-Piétat",64,"Pyrénées-Atlantiques",459,0,167
58115,"Fleury-sur-Loire",58,"Nièvre",227,0,14
85003,"Aizenay",85,"Vendée",10146,0,116
18170,"Oizon",18,"Cher",667,0,44
73223,"Saint-André",73,"Savoie",444,0,44
14582,"Saint-Germain-de-Livet",14,"Calvados",708,0,211
34225,"Puisserguier",34,"Hérault",3020,0,122
37104,"Esvres",37,"Indre-et-Loire",6208,0,323
23024,"Blessac",23,"Creuse",534,0,42
14530,"Ranville",14,"Calvados",1982,0,1163
28077,"La Chapelle-Fortin",28,"Eure-et-Loir",167,0,25
17018,"Ardillières",17,"Charente-Maritime",865,0,88
63174,"Grandval",63,"Puy-de-Dôme",119,0,67
62312,"Estrée",62,"Pas-de-Calais",289,0,69
64489,"Saint-Martin-d'Arberoue",64,"Pyrénées-Atlantiques",343,0,45
37051,"Champigny-sur-Veude",37,"Indre-et-Loire",809,0,44
67025,"Beinheim",67,"Bas-Rhin",1914,0,83
70129,"La Chapelle-Saint-Quillain",70,"Haute-Saône",151,0,40
4166,"Riez",4,"Alpes-de-Haute-Provence",1643,0,23
15064,"Escorailles",15,"Cantal",83,0,43
88484,"Uzemain",88,"Vosges",1045,0,44
31526,"La Salvetat-Saint-Gilles",31,"Haute-Garonne",8524,0,834
17345,"Saint-Hilaire-du-Bois",17,"Charente-Maritime",296,0,79
62657,"Pihen-lès-Guînes",62,"Pas-de-Calais",516,0,169
27684,"Le Vieil-Évreux",27,"Eure",839,0,402
27140,"Chambray",27,"Eure",401,0,125
76043,"Auzebosc",76,"Seine-Maritime",1143,0,201
29133,"Locquirec",29,"Finistère",1528,0,66
12133,"Luc-la-Primaube",12,"Aveyron",6000,0,313
62169,"Bouvelinghem",62,"Pas-de-Calais",251,0,85
26138,"La Garde-Adhémar",26,"Drôme",1136,0,173
5084,"Montgardin",5,"Hautes-Alpes",478,0,57
39539,"Vadans",39,"Jura",304,0,60
67236,"Kienheim",67,"Bas-Rhin",542,0,187
56058,"Férel",56,"Morbihan",3404,0,88
67432,"Salmbach",67,"Bas-Rhin",587,0,87
21074,"Billey",21,"Côte-d'Or",250,0,247
11228,"Mazerolles-du-Razès",11,"Aude",151,0,31
38083,"Charette",38,"Isère",439,0,97
88141,"Dombrot-sur-Vair",88,"Vosges",242,0,97
24132,"Conne-de-Labarde",24,"Dordogne",262,0,196
76609,"Sainte-Marie-au-Bosc",76,"Seine-Maritime",363,0,83
25402,"Montjoie-le-Château",25,"Doubs",23,0,27
63310,"Sainte-Agathe",63,"Puy-de-Dôme",170,0,151
3023,"Bellerive-sur-Allier",3,"Allier",8855,0,406
34315,"Usclas-d'Hérault",34,"Hérault",438,0,172
49008,"Angrie",49,"Maine-et-Loire",922,0,92
30177,"Monteils",30,"Gard",662,0,414
76241,"Ermenouville",76,"Seine-Maritime",139,0,67
38012,"Aoste",38,"Isère",2869,0,125
41008,"Avaray",41,"Loir-et-Cher",699,0,151
39274,"Lajoux",39,"Jura",295,0,139
1364,"Saint-Jean-sur-Reyssouze",1,"Ain",767,0,50
22345,"Trébry",22,"Côtes-d'Armor",801,0,75
31482,"Saint-Frajou",31,"Haute-Garonne",209,0,29
8039,"Avaux",8,"Ardennes",496,0,47
86045,"Celle-Lévescault",86,"Vienne",1363,0,60
33322,"Le Pian-Médoc",33,"Gironde",7105,0,419
15267,"Ytrac",15,"Cantal",4322,0,60
8456,"Tournavaux",8,"Ardennes",230,0,125
77367,"Le Plessis-Placy",77,"Seine-et-Marne",288,0,108
85105,"Le Gué-de-Velluire",85,"Vendée",524,0,81
62340,"Floringhem",62,"Pas-de-Calais",883,0,287
24371,"Saint-Aquilin",24,"Dordogne",470,0,75
26257,"Puygiron",26,"Drôme",462,0,82
1240,"Matafelon-Granges",1,"Ain",629,0,224
54086,"Boucq",54,"Meurthe-et-Moselle",355,0,50
93007,"Le Blanc-Mesnil",93,"Seine-Saint-Denis",58257,0,6904
89227,"Ligny-le-Châtel",89,"Yonne",1197,0,50
70096,"Brevilliers",70,"Haute-Saône",631,0,725
38455,"Saint-Savin",38,"Isère",4264,0,275
27337,"Heuqueville",27,"Eure",349,0,110
56178,"Pontivy",56,"Morbihan",14774,0,146
86109,"Guesnes",86,"Vienne",226,0,33
74061,"Chapeiry",74,"Haute-Savoie",965,0,1036
13034,"Eygalières",13,"Bouches-du-Rhône",1733,0,103
28339,"Saint-Germain-le-Gaillard",28,"Eure-et-Loir",369,0,101
22176,"Plédran",22,"Côtes-d'Armor",6910,0,529
67324,"Niederbronn-les-Bains",67,"Bas-Rhin",4360,0,114
66167,"Saillagouse",66,"Pyrénées-Orientales",1173,0,58
24158,"Dussac",24,"Dordogne",417,0,30
35162,"Louvigné-du-Désert",35,"Ille-et-Vilaine",3331,0,97
19094,"Juillac",19,"Corrèze",1136,0,47
73278,"Saint-Rémy-de-Maurienne",73,"Savoie",1237,0,71
56005,"Arzon",56,"Morbihan",2269,0,38
13091,"Saint-Cannat",13,"Bouches-du-Rhône",5653,0,153
78087,"Bonnelles",78,"Yvelines",2123,0,156
29067,"Guerlesquin",29,"Finistère",1273,0,33
55526,"Vadonville",55,"Meuse",257,0,62
26239,"Plaisians",26,"Drôme",213,0,21
30335,"Vabres",30,"Gard",141,0,53
90048,"Fontenelle",90,"Territoire de Belfort",131,0,204
19091,"Hautefage",19,"Corrèze",318,0,35
37109,"Fondettes",37,"Indre-et-Loire",10741,0,559
80573,"Morvillers-Saint-Saturnin",80,"Somme",382,0,63
32427,"Sembouès",32,"Gers",58,0,44
65334,"Omex",65,"Hautes-Pyrénées",226,0,140
67342,"Oberhaslach",67,"Bas-Rhin",1753,0,83
41225,"Saint-Martin-des-Bois",41,"Loir-et-Cher",581,0,38
46171,"Lherm",46,"Lot",235,0,48
54365,"Merviller",54,"Meurthe-et-Moselle",326,0,102
14318,"Graye-sur-Mer",14,"Calvados",761,0,166
43101,"Goudet",43,"Haute-Loire",66,0,35
27593,"Saint-Pierre-des-Fleurs",27,"Eure",1653,0,375
72012,"Assé-le-Riboul",72,"Sarthe",480,0,75
67093,"Dieffenbach-lès-Wœrth",67,"Bas-Rhin",347,0,109
84134,"Travaillan",84,"Vaucluse",713,0,100
57697,"Vasperviller",57,"Moselle",316,0,73
67343,"Oberhausbergen",67,"Bas-Rhin",5556,0,2373
12292,"Versols-et-Lapeyre",12,"Aveyron",418,0,26
11280,"Pépieux",11,"Aude",1098,0,64
31145,"Cintegabelle",31,"Haute-Garonne",2978,0,60
42223,"Saint-Genest-Lerpt",42,"Loire",6183,0,1240
62721,"Roquetoire",62,"Pas-de-Calais",1957,0,197
13015,"Bouc-Bel-Air",13,"Bouches-du-Rhône",15248,0,430
86187,"Paizay-le-Sec",86,"Vienne",466,0,65
69069,"Craponne",69,"Rhône",11903,0,3919
7304,"Salavas",7,"Ardèche",722,0,75
65374,"Puydarrieux",65,"Hautes-Pyrénées",232,0,35
32127,"Estang",32,"Gers",666,0,26
36088,"Issoudun",36,"Indre",10992,0,79
12244,"Saint-Rome-de-Tarn",12,"Aveyron",895,0,60
45063,"Cerdon",45,"Loiret",909,0,40
13001,"Aix-en-Provence",13,"Bouches-du-Rhône",147478,1,871
18204,"Saint-Denis-de-Palin",18,"Cher",282,0,30
17131,"Cozes",17,"Charente-Maritime",2161,0,58
84034,"Caumont-sur-Durance",84,"Vaucluse",5422,0,385
38246,"Montagnieu",38,"Isère",1163,0,238
57698,"Vatimont",57,"Moselle",311,0,45
77508,"Villeneuve-le-Comte",77,"Seine-et-Marne",1870,0,370
32113,"Cravencères",32,"Gers",91,0,25
3151,"Louroux-de-Beaune",3,"Allier",168,0,73
80083,"Bergicourt",80,"Somme",140,0,39
47135,"Laparade",47,"Lot-et-Garonne",392,0,115
53182,"Port-Brillet",53,"Mayenne",1805,0,69
68078,"Eguisheim",68,"Haut-Rhin",1732,0,200
13017,"Boulbon",13,"Bouches-du-Rhône",1519,0,150
80673,"Riencourt",80,"Somme",180,0,40
73317,"Villard-sur-Doron",73,"Savoie",687,0,66
61402,"Saint-Hilaire-de-Briouze",61,"Orne",305,0,32
63415,"Sauxillanges",63,"Puy-de-Dôme",1315,0,43
11199,"Lavalette",11,"Aude",1532,0,358
51503,"Saint-Martin-l'Heureux",51,"Marne",83,0,30
14230,"Drubec",14,"Calvados",113,0,97
71254,"Lays-sur-le-Doubs",71,"Saône-et-Loire",158,0,40
50270,"Lieusaint",50,"Manche",396,0,86
23083,"Fontanières",23,"Creuse",250,0,30
44144,"Riaillé",44,"Loire-Atlantique",2358,0,75
47067,"Clermont-Soubiran",47,"Lot-et-Garonne",398,0,101
44161,"Saint-Gildas-des-Bois",44,"Loire-Atlantique",3780,0,96
56120,"Locqueltas",56,"Morbihan",1954,0,184
70245,"Fougerolles-Saint-Valbert",70,"Haute-Saône",3780,0,84
8410,"Semide",8,"Ardennes",175,0,10
38406,"Saint-Julien-de-l'Herms",38,"Isère",160,0,68
32310,"Perchède",32,"Gers",111,0,19
49224,"Neuillé",49,"Maine-et-Loire",993,0,72
81307,"Valdurenque",81,"Tarn",874,0,356
51630,"Villers-aux-Bois",51,"Marne",330,0,64
83078,"Moissac-Bellevue",83,"Var",303,0,37
77312,"Montigny-sur-Loing",77,"Seine-et-Marne",2621,0,456
79078,"Plaine-d'Argenson",79,"Deux-Sèvres",984,0,47
50528,"Saint-Nicolas-de-Pierrepont",50,"Manche",301,0,76
1001,"L'Abergement-Clémenciat",1,"Ain",832,0,97
6156,"Venanson",6,"Alpes-Maritimes",185,0,29
30202,"Pont-Saint-Esprit",30,"Gard",10600,0,238
74013,"Anthy-sur-Léman",74,"Haute-Savoie",2327,0,421
45089,"Chécy",45,"Loiret",8808,0,1118
59132,"Carnières",59,"Nord",998,0,323
38055,"Brangues",38,"Isère",627,0,90
79105,"Les Châteliers",79,"Deux-Sèvres",459,0,47
53229,"Saint-Jean-sur-Mayenne",53,"Mayenne",1647,0,106
52040,"Bay-sur-Aube",52,"Haute-Marne",49,0,6
14277,"Fontenay-le-Marmion",14,"Calvados",1997,0,306
57154,"Coume",57,"Moselle",612,0,151
3137,"Langy",3,"Allier",269,0,67
16220,"Les Métairies",16,"Charente",719,0,118
11373,"Salvezines",11,"Aude",69,0,10
55004,"Aincreville",55,"Meuse",81,0,19
7166,"Nozières",7,"Ardèche",242,0,33
3055,"La Chapelaude",3,"Allier",942,0,99
6077,"Lucéram",6,"Alpes-Maritimes",1264,0,72
42192,"Rozier-Côtes-d'Aurec",42,"Loire",426,0,86
52244,"Humbécourt",52,"Haute-Marne",748,0,188
70381,"Neurey-lès-la-Demie",70,"Haute-Saône",351,0,163
73161,"Montagny",73,"Savoie",647,0,125
18110,"Herry",18,"Cher",962,0,66
49035,"Bouchemaine",49,"Maine-et-Loire",6690,0,215
38017,"Assieu",38,"Isère",1681,0,169
35080,"Cintré",35,"Ille-et-Vilaine",2533,0,308
94046,"Maisons-Alfort",94,"Val-de-Marne",58068,0,6064
2175,"Chavigny",2,"Aisne",165,0,294
37234,"Saint-Quentin-sur-Indrois",37,"Indre-et-Loire",486,0,50
73081,"Le Châtelard",73,"Savoie",659,0,31
51553,"Souain-Perthes-lès-Hurlus",51,"Marne",258,0,34
2732,"Surfontaine",2,"Aisne",105,0,38
22313,"Saint-Martin-des-Prés",22,"Côtes-d'Armor",316,0,42
56118,"Locmiquélic",56,"Morbihan",4075,0,737
73008,"Aix-les-Bains",73,"Savoie",31874,0,364
24143,"Couze-et-Saint-Front",24,"Dordogne",722,0,69
31024,"Auragne",31,"Haute-Garonne",451,0,147
62351,"Fouquières-lès-Lens",62,"Pas-de-Calais",6233,0,1103
43103,"Grenier-Montgon",43,"Haute-Loire",111,0,28
77281,"Mauperthuis",77,"Seine-et-Marne",480,0,226
88475,"Tollaincourt",88,"Vosges",118,0,27
35133,"Iffendic",35,"Ille-et-Vilaine",4585,0,88
5060,"Furmeyer",5,"Hautes-Alpes",181,0,40
4104,"Limans",4,"Alpes-de-Haute-Provence",389,0,63
