insee,beds_count
66017,195
90056,153
67348,300
43246,83
80279,90
67442,287
63473,298
17247,272
41258,72
52475,69
7242,73
46029,103
84122,462
30218,65
77147,104
9258,208
16224,76
21025,49
29042,67
77250,83
24290,32
31260,87
27476,155
77471,143
74153,735
77400,242
22234,75
27691,237
81004,419
66133,354
77373,3034
59198,42
70240,121
80435,73
59353,134
62358,702
85005,78
80335,81
92025,6796
72035,45
33125,134
29217,190
33387,115
51020,91
35108,142
12084,141
33501,71
14106,248
84025,205
84060,35
51353,40
67147,150
73250,105
85233,110
2495,221
91599,189
44204,477
35291,43
57529,246
5052,34
57333,212
64228,63
52295,56
38454,136
78172,1809
86195,84
72110,172
48185,45
65454,48
11309,56
87076,29
40083,56
9236,139
42037,186
77107,201
67229,205
36195,93
14645,192
13034,121
33159,102
52115,94
67034,241
14668,77
63296,112
38137,132
54135,45
68281,103
60205,90
47001,451
41106,50
82095,46
31113,574
17441,91
24544,94
41006,43
62666,1294
33498,80
25494,61
7231,210
38536,201
76507,253
62082,87
22349,123
24097,42
16378,65
11158,120
27212,94
81287,120
56232,146
9305,88
17210,46
22106,597
60669,567
83078,42
18172,95
8001,86
57003,38
12106,78
76464,235
87022,43
68044,109
55379,51
49200,164
16334,33
50493,248
85273,141
71512,126
8488,523
72165,142
51392,105
62047,74
58303,373
2367,440
61324,31
25433,105
67420,119
29061,1103
19186,49
42013,152
18126,45
57245,174
85083,49
10251,43
57067,939
37195,1250
1389,107
8489,50
34295,402
21689,71
61415,52
28195,234
50305,483
19251,50
54088,52
83081,209
37058,158
37262,72
41047,457
13003,217
64102,875
89111,48
26344,55
56245,42
14096,75
83146,50
56256,67
25370,371
32183,184
85049,47
28047,58
85102,108
40080,77
60700,458
22052,39
2472,74
25436,42
51195,128
91613,86
39297,119
28331,34
17032,149
17119,178
68270,1073
16034,62
15269,33
77235,223
37206,161
65338,66
2519,37
88016,30
40234,61
70026,88
3064,42
21096,34
63100,47
10150,58
84014,88
37211,124
16414,66
87172,56
27240,60
43046,268
77026,54
54269,327
7207,110
1125,52
14194,77
36026,35
42305,1563
6005,34
58047,31
38462,180
43114,134
61426,37
29295,218
83049,227
29173,87
53053,58
95394,976
85135,73
2543,50
61211,116
50451,162
41214,69
49347,170
77312,388
41045,92
61117,283
1188,143
38558,658
91671,393
50393,87
43216,54
13097,74
86174,251
59371,524
89060,84
50177,68
14250,227
67046,493
68171,75
13057,235
19053,76
47059,77
29275,53
73101,54
57489,91
88351,59
40330,63
59050,131
64005,164
6075,224
17154,124
35310,90
34183,132
62546,486
37173,29
2717,77
40068,119
67156,290
16280,113
78416,350
29152,93
79047,71
51469,70
31492,100
63221,47
7099,71
45239,63
88424,190
19076,57
27397,120
61017,39
59142,549
59019,379
10333,802
71490,117
89379,35
57095,363
62589,563
45335,78
83096,208
82169,200
40021,85
44115,176
12010,36
50619,86
76487,69
53247,103
73268,80
28033,77
76275,242
67463,136
86194,771
36200,82
45271,155
13015,1323
64070,132
60679,79
56236,81
87188,135
1228,72
27188,528
18263,37
76329,325
14497,128
11040,61
4227,39
71124,53
8440,40
32303,36
34069,126
61290,47
38282,111
53173,47
41109,52
64188,57
63174,74
72320,1073
68081,167
44086,66
90097,537
8203,68
3063,82
81136,44
44025,223
64079,35
8122,78
13026,758
22114,50
64087,126
34101,319
33051,201
83001,658
22229,58
35350,230
88224,46
1248,397
12031,88
1402,95
35208,454
46042,185
27622,179
93047,5608
38564,152
80530,96
16101,151
69037,88
4001,136
58222,49
67048,202
18289,55
31511,131
1277,177
16358,593
64261,140
56140,113
18179,99
22381,286
29143,194
54157,274
58302,76
26307,72
57676,73
17049,43
49113,143
10256,54
72052,98
32215,58
84020,139
33176,240
54472,65
84064,339
80042,47
55475,43
45080,72
6123,2690
77175,547
62049,270
38475,287
63238,51
71091,46
30084,408
68025,87
42002,69
12292,69
35016,132
32379,72
33310,39
27447,178
38405,180
46307,103
4242,231
3025,41
86119,34
76300,133
51300,40
31101,234
15010,48
23061,36
79184,72
72309,40
34305,33
88141,94
36102,45
24150,44
65460,110
29301,97
36210,73
83079,150
24061,46
87133,49
38399,102
56058,160
34210,182
14719,136
53098,73
16205,71
59223,83
33200,1156
9185,89
49221,60
79179,79
89232,72
17080,102
65125,93
87004,32
35311,127
82049,106
72243,103
57249,147
15224,45
85104,84
31277,245
22223,203
43203,79
35240,1575
38147,107
21644,79
44027,196
67070,100
40278,68
64057,60
74253,239
68161,587
86105,92
58072,68
54575,316
55552,57
72059,68
17299,315
40207,232
57573,61
29259,117
60049,86
76335,106
46232,68
21328,34
57634,1388
15096,34
79337,81
37125,48
1451,424
11413,58
62697,210
22279,62
35255,402
18020,114
72351,73
56252,122
61508,68
81073,90
27543,252
40087,29
30049,111
22282,90
8083,109
43238,46
24382,92
17099,56
73053,99
78668,146
88415,178
31385,37
76616,1131
76511,41
88348,62
50360,128
62031,540
27002,107
68119,114
28013,113
37181,37
46318,59
22205,85
18096,232
69268,1006
2414,65
57499,235
67365,2562
79351,114
21388,236
83037,194
24144,45
84082,129
56087,158
41081,36
5074,63
56207,89
34211,61
13082,163
45143,47
64211,84
55042,177
86224,52
60593,98
50084,156
28393,60
22008,233
53206,63
4206,84
45231,55
22361,216
44133,230
29296,161
27441,66
52069,34
64381,49
16395,68
91027,5099
56077,82
89345,91
52391,47
44067,67
30222,74
33207,404
77242,159
25293,187
65251,534
40143,40
8027,39
22228,65
89251,72
42118,136
84111,100
3028,51
24142,68
84119,987
47323,213
82189,49
36107,80
3256,42
21475,89
59641,215
32062,60
69005,727
62821,106
49345,61
25556,77
31145,117
63310,151
62030,86
28287,31
33422,92
60223,114
89391,94
38503,288
62325,90
44021,61
1456,126
42075,352
66104,100
45024,184
25099,41
36190,36
79119,49
1181,222
81099,179
9007,35
35276,132
7089,188
47050,59
71107,135
45097,81
73329,924
38267,122
34012,93
43180,40
6092,638
24225,258
56161,307
56234,37
26057,375
35202,132
78346,116
47013,70
35329,79
22165,104
83107,200
76216,1781
27319,96
9342,56
59168,250
61395,121
74036,179
69184,173
63196,82
59016,833
18011,67
33010,179
2035,65
78655,277
24104,110
11049,102
58095,77
66009,53
14390,185
3118,87
29284,122
27419,151
83112,316
72366,66
33291,91
6086,50
1118,77
52421,155
13055,4714
23024,53
62730,136
23111,64
72018,87
40132,85
40114,113
56104,120
78404,184
72236,149
79251,105
33244,93
24179,125
83144,600
82124,477
89287,293
24329,91
83057,73
26140,113
76201,98
59321,308
44056,104
29233,260
74026,209
25220,80
26377,126
1387,100
70403,116
2661,80
24436,53
85142,143
17369,81
61278,145
71303,96
44069,329
31472,67
21610,111
56022,161
13017,178
88070,117
48128,54
81224,32
74073,209
21592,50
69042,78
3047,89
82021,34
45061,363
59236,108
18050,503
15004,76
85197,210
2384,62
29198,145
71132,112
80214,50
77164,96
39435,48
63432,99
22195,84
72253,165
54578,1493
1153,493
2777,54
31052,339
54396,138
17142,918
27437,97
36159,364
1113,71
91546,314
51607,29
35029,156
78498,1049
34268,115
49163,111
56229,89
2464,89
62349,708
5056,279
11069,428
59566,2419
12161,40
63113,1543
36040,60
71042,32
57700,90
79050,183
89445,54
3213,51
44218,156
42141,111
64283,57
35326,71
29027,56
76418,91
44119,121
39508,54
88187,42
44222,172
58035,31
70002,50
39480,219
50606,112
14352,144
77406,127
76604,88
44143,2509
30036,1122
39364,106
61342,104
36054,33
14367,66
40079,82
53007,74
56098,838
49008,92
47094,217
38561,87
64189,392
11315,95
30272,109
22103,310
67455,182
67505,188
89368,34
56009,29
24034,34
87186,36
1202,158
31394,29
24192,35
21186,95
71010,228
52175,53
29151,229
74163,448
54174,182
1320,409
59284,554
3211,329
43153,418
68381,243
39466,64
16368,71
88390,29
76251,89
33372,60
82190,95
69190,877
53003,57
7255,187
87204,36
49343,393
78165,1547
19038,179
60382,463
59401,174
89013,349
30211,421
26114,39
70077,47
35023,205
17343,78
79157,142
60179,106
52400,34
3221,30
27148,51
3060,391
10142,62
80281,110
62661,115
34184,187
54082,134
28220,576
83067,167
64160,177
56246,145
70507,62
39101,256
85301,172
65191,98
26155,111
54089,224
85238,130
19187,99
7111,74
86048,144
81325,371
37267,515
23254,29
59112,925
89209,82
14637,148
42191,132
17349,101
44103,230
42187,405
69266,5772
33348,56
58211,32
11106,423
10296,48
25381,846
67121,221
54593,89
7222,47
95058,530
57295,58
63246,42
59667,175
60460,124
73278,76
32457,77
64373,908
40037,314
62786,108
51293,90
77125,1184
51506,365
50569,90
3096,40
47054,97
16135,41
39289,86
51583,211
26275,104
70057,65
85152,100
23070,37
37073,198
45095,80
60022,574
57746,86
62070,127
74114,57
42329,69
59466,432
46259,51
39232,52
53130,450
11132,47
56048,49
89118,79
27072,259
80670,90
68362,142
66024,176
56108,164
86013,40
30341,234
24016,50
19216,42
73014,271
22092,35
72296,69
11400,40
60610,208
74103,226
34015,50
50487,70
81311,60
25418,136
83045,100
70282,36
45147,1391
79202,146
70414,70
30221,234
47241,49
33138,166
74056,46
85090,83
82149,159
29043,159
58249,35
21616,223
6068,412
59219,640
80696,199
80586,81
55157,37
38557,571
24306,116
26010,159
72013,55
77054,259
17012,57
68008,218
61078,187
37150,101
51474,1245
56035,104
80297,58
26110,212
66136,1251
31507,177
35201,67
33521,45
80087,77
13039,247
71389,70
78314,867
43115,58
40276,42
44099,52
38179,745
69157,226
53134,96
85098,495
89230,142
8363,92
49036,121
83011,64
44155,205
76688,174
29025,129
33464,51
24322,451
55476,142
51597,195
35187,84
45273,192
62735,574
74223,173
67130,180
71508,67
85045,172
31568,137
38374,370
7095,71
33363,215
33238,223
85284,283
26341,103
16377,51
63026,65
1074,96
57610,66
35079,386
21533,37
42199,116
83004,435
83154,130
87036,56
34344,311
22277,90
56206,581
2734,114
26146,60
33199,373
58193,53
14520,170
34246,504
60401,112
83071,436
26338,125
83065,89
33002,53
26232,79
57589,96
74152,867
35332,54
90003,428
80615,111
83105,118
11266,104
24074,54
60494,356
66173,242
2091,105
17446,70
71504,52
79355,522
63036,161
74074,214
45209,75
70429,219
73085,192
12068,39
45014,116
77100,241
79127,96
21278,1344
5060,40
57669,622
87048,934
24058,58
85072,72
59615,154
25411,136
17411,128
55272,47
44092,47
72029,98
57717,140
34073,677
22071,67
74097,122
45152,100
1374,122
45006,217
19028,59
75056,19376
27062,197
10169,39
1233,64
84090,83
39076,51
5107,92
81132,68
25630,95
37053,92
61160,76
81228,192
66071,74
28339,101
50556,278
61240,59
76756,140
15029,31
18215,50
64498,192
31155,57
49222,201
85148,71
53200,143
85051,122
12176,323
23133,35
31403,248
85026,134
67322,146
44045,149
85140,76
27156,62
71335,67
22039,119
44126,59
21290,94
38029,305
51636,86
88091,70
16018,167
91573,1220
68160,351
28419,45
60420,176
70221,84
82194,136
12023,34
33126,186
89034,43
12300,110
87096,75
32037,67
31247,121
33011,203
73322,31
81001,50
62465,81
34192,234
85278,99
88035,120
70440,35
40291,231
59416,249
74216,306
34169,2201
33386,81
87164,113
86253,59
31071,116
78322,3737
10162,82
11181,161
10298,159
16229,49
43258,155
88321,80
35207,448
62214,192
30044,47
35138,199
72114,119
71117,510
18035,58
44117,230
86074,72
2601,97
73176,61
12249,29
72382,101
68300,402
39083,36
21499,55
24505,61
81305,39
31484,822
49092,115
80207,59
80374,57
73161,125
31557,3812
62406,136
34318,101
95303,144
80197,100
29074,143
76578,104
80101,79
2212,259
41280,169
59441,114
51307,63
37037,53
45103,50
29291,54
54590,134
81209,163
80764,210
55460,94
77177,341
77447,977
70017,32
39479,87
86086,48
2323,134
53047,83
8408,124
7205,181
73240,240
25349,61
38191,47
76050,109
41008,105
7102,797
49021,264
44194,810
49284,236
71364,51
68358,154
5164,74
44224,98
13063,708
27578,75
39022,65
40108,90
12291,45
25180,48
62852,295
54036,439
86145,133
69201,97
15014,265
36213,62
34093,101
63453,233
49193,235
28239,147
71236,120
48068,115
28056,120
29247,678
78125,96
22077,184
25502,155
12045,72
63056,35
38485,1657
2037,204
28132,149
14590,56
16056,131
4013,110
62303,57
76176,94
26006,241
37155,64
30195,36
86095,108
38331,376
76344,67
50267,100
56129,51
36073,34
35232,62
23193,134
22233,120
86114,116
50580,103
41084,43
60334,301
34039,602
53225,73
59421,3135
46171,61
69258,123
9208,88
46244,38
13013,425
44184,569
38339,334
73107,81
21297,103
80782,883
6085,1565
37006,123
1054,162
13080,229
53089,32
59007,1124
84034,386
77267,203
80287,71
13085,657
33434,672
60516,91
45051,113
87062,83
78007,445
73123,59
17226,110
56250,104
32136,45
85214,314
50359,66
49374,232
60400,125
77344,197
3204,87
62205,418
77511,542
66072,59
43132,45
46101,172
17241,43
69119,297
62444,100
83137,1630
29139,80
33084,257
49007,1310
33522,2850
88087,388
54309,90
76513,390
50522,57
47290,72
88447,116
68040,193
63241,212
12018,44
46109,49
10274,66
42060,114
53124,164
14228,235
60447,216
95539,4158
40273,169
17089,249
86262,68
57611,63
81170,125
38548,85
1147,88
61472,147
63101,31
13048,79
46220,54
72213,256
60538,66
79020,119
74164,308
35337,105
13025,166
81248,128
64250,85
27234,393
26085,375
64148,63
44038,218
24168,47
19031,394
62466,52
29201,248
3200,215
14644,102
11273,192
91552,1357
76679,76
51369,62
30106,115
55158,84
82173,61
22203,79
73078,86
71412,229
80064,113
10313,60
48075,32
3076,30
24175,57
56148,186
29101,173
30216,139
56081,69
37166,109
12277,33
38326,77
60199,104
28409,70
3170,47
30354,147
47133,53
2164,109
33417,56
85293,120
67196,205
55335,56
50452,106
59517,96
14001,146
70445,63
2042,212
76008,313
44144,93
34191,147
31223,38
86039,53
30110,149
41259,181
2226,281
86287,77
35154,127
71291,63
87020,212
40332,61
32382,52
67436,48
30007,491
5173,47
76289,308
53077,51
32051,55
62674,154
25431,97
17486,67
56071,56
14510,56
27623,210
49240,91
57147,202
24404,39
28016,52
69045,257
62015,316
13112,572
26019,48
42175,150
47097,76
13004,272
21683,46
23136,39
41050,108
14118,1242
17002,71
49023,212
66148,67
44165,192
33071,135
24540,56
11026,61
50041,60
85167,140
33214,27
1081,52
2159,61
3008,41
3312,29
3316,36
4073,29
4157,29
6156,29
7151,41
7233,41
8026,33
12172,29
12299,27
15110,28
16027,35
18051,27
19262,27
21221,30
24133,34
24582,34
26306,28
33203,27
36047,27
37028,31
41013,37
42014,80
42257,29
43072,32
45093,58
45122,45
46081,27
47009,66
47213,55
47251,37
50275,52
51035,29
54085,46
57086,29
58002,29
63335,31
64277,36
65039,28
72005,40
79013,32
86001,31
87203,41
88156,56
